station_id,station_name,city,charger_type,ports_available,ports_occupied,utilization_rate,estimated_wait_time_mins,hour_of_day
EV00001,ChargePoint - Los Angeles #1,Los Angeles,DC Fast Charge,1,0,0.131,0,0
EV00001,ChargePoint - Los Angeles #1,Los Angeles,DC Fast Charge,6,0,0.053,0,1
EV00001,ChargePoint - Los Angeles #1,Los Angeles,DC Fast Charge,6,0,0.044,0,2
EV00001,ChargePoint - Los Angeles #1,Los Angeles,DC Fast Charge,6,0,0.021,0,3
EV00001,ChargePoint - Los Angeles #1,Los Angeles,DC Fast Charge,6,0,0.028,0,4
EV00001,ChargePoint - Los Angeles #1,Los Angeles,DC Fast Charge,4,0,0.056,0,5
EV00001,ChargePoint - Los Angeles #1,Los Angeles,DC Fast Charge,6,0,0.165,0,6
EV00001,ChargePoint - Los Angeles #1,Los Angeles,DC Fast Charge,5,1,0.288,0,7
EV00001,ChargePoint - Los Angeles #1,Los Angeles,DC Fast Charge,3,3,0.626,0,8
EV00001,ChargePoint - Los Angeles #1,Los Angeles,DC Fast Charge,2,4,0.722,0,9
EV00001,ChargePoint - Los Angeles #1,Los Angeles,DC Fast Charge,1,5,0.944,0,10
EV00001,ChargePoint - Los Angeles #1,Los Angeles,DC Fast Charge,1,5,0.98,0,11
EV00001,ChargePoint - Los Angeles #1,Los Angeles,DC Fast Charge,1,5,0.857,0,12
EV00001,ChargePoint - Los Angeles #1,Los Angeles,DC Fast Charge,2,4,0.768,0,13
EV00001,ChargePoint - Los Angeles #1,Los Angeles,DC Fast Charge,1,5,0.879,0,14
EV00001,ChargePoint - Los Angeles #1,Los Angeles,DC Fast Charge,2,4,0.817,0,15
EV00001,ChargePoint - Los Angeles #1,Los Angeles,DC Fast Charge,3,3,0.661,0,16
EV00001,ChargePoint - Los Angeles #1,Los Angeles,DC Fast Charge,3,3,0.662,0,17
EV00001,ChargePoint - Los Angeles #1,Los Angeles,DC Fast Charge,1,5,0.933,0,18
EV00001,ChargePoint - Los Angeles #1,Los Angeles,DC Fast Charge,1,5,0.98,0,19
EV00001,ChargePoint - Los Angeles #1,Los Angeles,DC Fast Charge,1,5,0.93,0,20
EV00001,ChargePoint - Los Angeles #1,Los Angeles,DC Fast Charge,2,4,0.758,0,21
EV00001,ChargePoint - Los Angeles #1,Los Angeles,DC Fast Charge,4,2,0.349,0,22
EV00001,ChargePoint - Los Angeles #1,Los Angeles,DC Fast Charge,5,1,0.247,0,23
EV00002,Electrify America - Seattle #2,Seattle,DC Fast Charge,3,1,0.353,0,0
EV00002,Electrify America - Seattle #2,Seattle,DC Fast Charge,3,1,0.273,0,1
EV00002,Electrify America - Seattle #2,Seattle,DC Fast Charge,3,1,0.283,0,2
EV00002,Electrify America - Seattle #2,Seattle,DC Fast Charge,3,1,0.305,0,3
EV00002,Electrify America - Seattle #2,Seattle,DC Fast Charge,3,1,0.292,0,4
EV00002,Electrify America - Seattle #2,Seattle,DC Fast Charge,4,0,0.18,0,5
EV00002,Electrify America - Seattle #2,Seattle,DC Fast Charge,4,0,0.12,0,6
EV00002,Electrify America - Seattle #2,Seattle,DC Fast Charge,4,0,0.119,0,7
EV00002,Electrify America - Seattle #2,Seattle,DC Fast Charge,4,0,0.055,0,8
EV00002,Electrify America - Seattle #2,Seattle,DC Fast Charge,4,0,0.065,0,9
EV00002,Electrify America - Seattle #2,Seattle,DC Fast Charge,4,0,0.085,0,10
EV00002,Electrify America - Seattle #2,Seattle,DC Fast Charge,4,0,0.146,0,11
EV00002,Electrify America - Seattle #2,Seattle,DC Fast Charge,4,0,0.191,0,12
EV00002,Electrify America - Seattle #2,Seattle,DC Fast Charge,4,0,0.1,0,13
EV00002,Electrify America - Seattle #2,Seattle,DC Fast Charge,4,0,0.134,0,14
EV00002,Electrify America - Seattle #2,Seattle,DC Fast Charge,4,0,0.17,0,15
EV00002,Electrify America - Seattle #2,Seattle,DC Fast Charge,4,0,0.21,0,16
EV00002,Electrify America - Seattle #2,Seattle,DC Fast Charge,3,1,0.385,0,17
EV00002,Electrify America - Seattle #2,Seattle,DC Fast Charge,2,2,0.599,0,18
EV00002,Electrify America - Seattle #2,Seattle,DC Fast Charge,1,3,0.899,0,19
EV00002,Electrify America - Seattle #2,Seattle,DC Fast Charge,2,2,0.706,0,20
EV00002,Electrify America - Seattle #2,Seattle,DC Fast Charge,1,3,0.763,0,21
EV00002,Electrify America - Seattle #2,Seattle,DC Fast Charge,2,2,0.724,0,22
EV00002,Electrify America - Seattle #2,Seattle,DC Fast Charge,2,2,0.542,0,23
EV00003,Electrify America - Atlanta #3,Atlanta,Hyper-Fast,8,0,0.066,0,0
EV00003,Electrify America - Atlanta #3,Atlanta,Hyper-Fast,3,0,0.051,0,1
EV00003,Electrify America - Atlanta #3,Atlanta,Hyper-Fast,8,0,0.023,0,2
EV00003,Electrify America - Atlanta #3,Atlanta,Hyper-Fast,8,0,0.02,0,3
EV00003,Electrify America - Atlanta #3,Atlanta,Hyper-Fast,8,0,0.02,0,4
EV00003,Electrify America - Atlanta #3,Atlanta,Hyper-Fast,8,0,0.035,0,5
EV00003,Electrify America - Atlanta #3,Atlanta,Hyper-Fast,8,0,0.078,0,6
EV00003,Electrify America - Atlanta #3,Atlanta,Hyper-Fast,4,0,0.234,0,7
EV00003,Electrify America - Atlanta #3,Atlanta,Hyper-Fast,5,3,0.41,0,8
EV00003,Electrify America - Atlanta #3,Atlanta,Hyper-Fast,5,3,0.48,0,9
EV00003,Electrify America - Atlanta #3,Atlanta,Hyper-Fast,5,3,0.455,0,10
EV00003,Electrify America - Atlanta #3,Atlanta,Hyper-Fast,5,3,0.468,0,11
EV00003,Electrify America - Atlanta #3,Atlanta,Hyper-Fast,3,5,0.711,0,12
EV00003,Electrify America - Atlanta #3,Atlanta,Hyper-Fast,5,3,0.447,0,13
EV00003,Electrify America - Atlanta #3,Atlanta,Hyper-Fast,2,2,0.665,0,14
EV00003,Electrify America - Atlanta #3,Atlanta,Hyper-Fast,4,4,0.526,0,15
EV00003,Electrify America - Atlanta #3,Atlanta,Hyper-Fast,4,4,0.555,0,16
EV00003,Electrify America - Atlanta #3,Atlanta,Hyper-Fast,1,1,0.581,0,17
EV00003,Electrify America - Atlanta #3,Atlanta,Hyper-Fast,2,6,0.785,0,18
EV00003,Electrify America - Atlanta #3,Atlanta,Hyper-Fast,4,4,0.526,0,19
EV00003,Electrify America - Atlanta #3,Atlanta,Hyper-Fast,5,3,0.488,0,20
EV00003,Electrify America - Atlanta #3,Atlanta,Hyper-Fast,4,4,0.502,0,21
EV00003,Electrify America - Atlanta #3,Atlanta,Hyper-Fast,6,2,0.357,0,22
EV00003,Electrify America - Atlanta #3,Atlanta,Hyper-Fast,7,1,0.151,0,23
EV00004,ChargePoint - Minneapolis #4,Minneapolis,DC Fast Charge,5,1,0.219,0,0
EV00004,ChargePoint - Minneapolis #4,Minneapolis,DC Fast Charge,6,0,0.109,0,1
EV00004,ChargePoint - Minneapolis #4,Minneapolis,DC Fast Charge,6,0,0.099,0,2
EV00004,ChargePoint - Minneapolis #4,Minneapolis,DC Fast Charge,6,0,0.064,0,3
EV00004,ChargePoint - Minneapolis #4,Minneapolis,DC Fast Charge,6,0,0.082,0,4
EV00004,ChargePoint - Minneapolis #4,Minneapolis,DC Fast Charge,6,0,0.105,0,5
EV00004,ChargePoint - Minneapolis #4,Minneapolis,DC Fast Charge,0,0,0.157,18,6
EV00004,ChargePoint - Minneapolis #4,Minneapolis,DC Fast Charge,5,1,0.232,0,7
EV00004,ChargePoint - Minneapolis #4,Minneapolis,DC Fast Charge,4,2,0.383,0,8
EV00004,ChargePoint - Minneapolis #4,Minneapolis,DC Fast Charge,4,2,0.41,0,9
EV00004,ChargePoint - Minneapolis #4,Minneapolis,DC Fast Charge,4,2,0.372,0,10
EV00004,ChargePoint - Minneapolis #4,Minneapolis,DC Fast Charge,3,3,0.608,0,11
EV00004,ChargePoint - Minneapolis #4,Minneapolis,DC Fast Charge,2,4,0.69,0,12
EV00004,ChargePoint - Minneapolis #4,Minneapolis,DC Fast Charge,4,2,0.399,0,13
EV00004,ChargePoint - Minneapolis #4,Minneapolis,DC Fast Charge,4,2,0.498,0,14
EV00004,ChargePoint - Minneapolis #4,Minneapolis,DC Fast Charge,3,3,0.552,0,15
EV00004,ChargePoint - Minneapolis #4,Minneapolis,DC Fast Charge,3,3,0.566,0,16
EV00004,ChargePoint - Minneapolis #4,Minneapolis,DC Fast Charge,0,0,0.511,23,17
EV00004,ChargePoint - Minneapolis #4,Minneapolis,DC Fast Charge,0,0,0.66,23,18
EV00004,ChargePoint - Minneapolis #4,Minneapolis,DC Fast Charge,0,0,0.521,21,19
EV00004,ChargePoint - Minneapolis #4,Minneapolis,DC Fast Charge,4,2,0.437,0,20
EV00004,ChargePoint - Minneapolis #4,Minneapolis,DC Fast Charge,4,2,0.36,0,21
EV00004,ChargePoint - Minneapolis #4,Minneapolis,DC Fast Charge,5,1,0.25,0,22
EV00004,ChargePoint - Minneapolis #4,Minneapolis,DC Fast Charge,5,1,0.257,0,23
EV00005,Blink - Phoenix #5,Phoenix,DC Fast Charge,6,0,0.02,0,0
EV00005,Blink - Phoenix #5,Phoenix,DC Fast Charge,6,0,0.02,0,1
EV00005,Blink - Phoenix #5,Phoenix,DC Fast Charge,6,0,0.02,0,2
EV00005,Blink - Phoenix #5,Phoenix,DC Fast Charge,0,0,0.021,9,3
EV00005,Blink - Phoenix #5,Phoenix,DC Fast Charge,6,0,0.025,0,4
EV00005,Blink - Phoenix #5,Phoenix,DC Fast Charge,6,0,0.026,0,5
EV00005,Blink - Phoenix #5,Phoenix,DC Fast Charge,6,0,0.121,0,6
EV00005,Blink - Phoenix #5,Phoenix,DC Fast Charge,2,0,0.423,0,7
EV00005,Blink - Phoenix #5,Phoenix,DC Fast Charge,1,5,0.844,0,8
EV00005,Blink - Phoenix #5,Phoenix,DC Fast Charge,1,5,0.933,0,9
EV00005,Blink - Phoenix #5,Phoenix,DC Fast Charge,0,0,0.763,18,10
EV00005,Blink - Phoenix #5,Phoenix,DC Fast Charge,2,4,0.825,0,11
EV00005,Blink - Phoenix #5,Phoenix,DC Fast Charge,2,4,0.774,0,12
EV00005,Blink - Phoenix #5,Phoenix,DC Fast Charge,1,5,0.98,0,13
EV00005,Blink - Phoenix #5,Phoenix,DC Fast Charge,1,5,0.85,0,14
EV00005,Blink - Phoenix #5,Phoenix,DC Fast Charge,1,5,0.854,0,15
EV00005,Blink - Phoenix #5,Phoenix,DC Fast Charge,3,3,0.561,0,16
EV00005,Blink - Phoenix #5,Phoenix,DC Fast Charge,5,1,0.238,0,17
EV00005,Blink - Phoenix #5,Phoenix,DC Fast Charge,0,0,0.159,10,18
EV00005,Blink - Phoenix #5,Phoenix,DC Fast Charge,6,0,0.084,0,19
EV00005,Blink - Phoenix #5,Phoenix,DC Fast Charge,6,0,0.047,0,20
EV00005,Blink - Phoenix #5,Phoenix,DC Fast Charge,6,0,0.025,0,21
EV00005,Blink - Phoenix #5,Phoenix,DC Fast Charge,6,0,0.02,0,22
EV00005,Blink - Phoenix #5,Phoenix,DC Fast Charge,6,0,0.02,0,23
EV00006,EVgo - Phoenix #6,Phoenix,DC Fast Charge,8,0,0.093,0,0
EV00006,EVgo - Phoenix #6,Phoenix,DC Fast Charge,8,0,0.045,0,1
EV00006,EVgo - Phoenix #6,Phoenix,DC Fast Charge,8,0,0.033,0,2
EV00006,EVgo - Phoenix #6,Phoenix,DC Fast Charge,8,0,0.022,0,3
EV00006,EVgo - Phoenix #6,Phoenix,DC Fast Charge,8,0,0.02,0,4
EV00006,EVgo - Phoenix #6,Phoenix,DC Fast Charge,8,0,0.047,0,5
EV00006,EVgo - Phoenix #6,Phoenix,DC Fast Charge,8,0,0.1,0,6
EV00006,EVgo - Phoenix #6,Phoenix,DC Fast Charge,7,1,0.21,0,7
EV00006,EVgo - Phoenix #6,Phoenix,DC Fast Charge,5,3,0.393,0,8
EV00006,EVgo - Phoenix #6,Phoenix,DC Fast Charge,3,5,0.646,0,9
EV00006,EVgo - Phoenix #6,Phoenix,DC Fast Charge,5,3,0.454,0,10
EV00006,EVgo - Phoenix #6,Phoenix,DC Fast Charge,1,2,0.752,0,11
EV00006,EVgo - Phoenix #6,Phoenix,DC Fast Charge,1,0,0.74,0,12
EV00006,EVgo - Phoenix #6,Phoenix,DC Fast Charge,3,5,0.715,0,13
EV00006,EVgo - Phoenix #6,Phoenix,DC Fast Charge,4,4,0.561,0,14
EV00006,EVgo - Phoenix #6,Phoenix,DC Fast Charge,5,3,0.434,0,15
EV00006,EVgo - Phoenix #6,Phoenix,DC Fast Charge,4,4,0.595,0,16
EV00006,EVgo - Phoenix #6,Phoenix,DC Fast Charge,4,4,0.528,0,17
EV00006,EVgo - Phoenix #6,Phoenix,DC Fast Charge,4,4,0.614,0,18
EV00006,EVgo - Phoenix #6,Phoenix,DC Fast Charge,2,6,0.873,0,19
EV00006,EVgo - Phoenix #6,Phoenix,DC Fast Charge,3,5,0.71,0,20
EV00006,EVgo - Phoenix #6,Phoenix,DC Fast Charge,4,4,0.551,0,21
EV00006,EVgo - Phoenix #6,Phoenix,DC Fast Charge,6,2,0.346,0,22
EV00006,EVgo - Phoenix #6,Phoenix,DC Fast Charge,7,1,0.204,0,23
EV00007,Electrify America - Minneapolis #7,Minneapolis,Hyper-Fast,9,1,0.17,0,0
EV00007,Electrify America - Minneapolis #7,Minneapolis,Hyper-Fast,9,1,0.154,0,1
EV00007,Electrify America - Minneapolis #7,Minneapolis,Hyper-Fast,9,1,0.105,0,2
EV00007,Electrify America - Minneapolis #7,Minneapolis,Hyper-Fast,2,0,0.08,0,3
EV00007,Electrify America - Minneapolis #7,Minneapolis,Hyper-Fast,10,0,0.086,0,4
EV00007,Electrify America - Minneapolis #7,Minneapolis,Hyper-Fast,10,0,0.077,0,5
EV00007,Electrify America - Minneapolis #7,Minneapolis,Hyper-Fast,9,1,0.102,0,6
EV00007,Electrify America - Minneapolis #7,Minneapolis,Hyper-Fast,8,2,0.257,0,7
EV00007,Electrify America - Minneapolis #7,Minneapolis,Hyper-Fast,7,3,0.373,0,8
EV00007,Electrify America - Minneapolis #7,Minneapolis,Hyper-Fast,6,4,0.418,0,9
EV00007,Electrify America - Minneapolis #7,Minneapolis,Hyper-Fast,5,5,0.556,0,10
EV00007,Electrify America - Minneapolis #7,Minneapolis,Hyper-Fast,6,4,0.445,0,11
EV00007,Electrify America - Minneapolis #7,Minneapolis,Hyper-Fast,6,4,0.468,0,12
EV00007,Electrify America - Minneapolis #7,Minneapolis,Hyper-Fast,6,4,0.49,0,13
EV00007,Electrify America - Minneapolis #7,Minneapolis,Hyper-Fast,5,5,0.546,0,14
EV00007,Electrify America - Minneapolis #7,Minneapolis,Hyper-Fast,4,6,0.614,0,15
EV00007,Electrify America - Minneapolis #7,Minneapolis,Hyper-Fast,6,4,0.436,0,16
EV00007,Electrify America - Minneapolis #7,Minneapolis,Hyper-Fast,0,0,0.697,10,17
EV00007,Electrify America - Minneapolis #7,Minneapolis,Hyper-Fast,5,5,0.545,0,18
EV00007,Electrify America - Minneapolis #7,Minneapolis,Hyper-Fast,5,5,0.524,0,19
EV00007,Electrify America - Minneapolis #7,Minneapolis,Hyper-Fast,6,4,0.429,0,20
EV00007,Electrify America - Minneapolis #7,Minneapolis,Hyper-Fast,8,2,0.273,0,21
EV00007,Electrify America - Minneapolis #7,Minneapolis,Hyper-Fast,8,2,0.232,0,22
EV00007,Electrify America - Minneapolis #7,Minneapolis,Hyper-Fast,0,0,0.187,15,23
EV00008,Volta - Minneapolis #8,Minneapolis,Level 2,6,0,0.078,0,0
EV00008,Volta - Minneapolis #8,Minneapolis,Level 2,6,0,0.05,0,1
EV00008,Volta - Minneapolis #8,Minneapolis,Level 2,6,0,0.029,0,2
EV00008,Volta - Minneapolis #8,Minneapolis,Level 2,6,0,0.02,0,3
EV00008,Volta - Minneapolis #8,Minneapolis,Level 2,6,0,0.02,0,4
EV00008,Volta - Minneapolis #8,Minneapolis,Level 2,6,0,0.038,0,5
EV00008,Volta - Minneapolis #8,Minneapolis,Level 2,6,0,0.088,0,6
EV00008,Volta - Minneapolis #8,Minneapolis,Level 2,5,1,0.179,0,7
EV00008,Volta - Minneapolis #8,Minneapolis,Level 2,4,2,0.405,0,8
EV00008,Volta - Minneapolis #8,Minneapolis,Level 2,4,2,0.474,0,9
EV00008,Volta - Minneapolis #8,Minneapolis,Level 2,3,3,0.513,0,10
EV00008,Volta - Minneapolis #8,Minneapolis,Level 2,3,3,0.601,0,11
EV00008,Volta - Minneapolis #8,Minneapolis,Level 2,3,3,0.515,0,12
EV00008,Volta - Minneapolis #8,Minneapolis,Level 2,2,4,0.696,0,13
EV00008,Volta - Minneapolis #8,Minneapolis,Level 2,2,4,0.715,0,14
EV00008,Volta - Minneapolis #8,Minneapolis,Level 2,3,3,0.649,0,15
EV00008,Volta - Minneapolis #8,Minneapolis,Level 2,4,2,0.484,0,16
EV00008,Volta - Minneapolis #8,Minneapolis,Level 2,4,2,0.461,0,17
EV00008,Volta - Minneapolis #8,Minneapolis,Level 2,2,4,0.696,0,18
EV00008,Volta - Minneapolis #8,Minneapolis,Level 2,2,4,0.67,0,19
EV00008,Volta - Minneapolis #8,Minneapolis,Level 2,2,4,0.689,0,20
EV00008,Volta - Minneapolis #8,Minneapolis,Level 2,3,3,0.582,0,21
EV00008,Volta - Minneapolis #8,Minneapolis,Level 2,5,1,0.281,0,22
EV00008,Volta - Minneapolis #8,Minneapolis,Level 2,5,1,0.195,0,23
EV00009,Volta - Austin #9,Austin,Level 2,21,3,0.15,0,0
EV00009,Volta - Austin #9,Austin,Level 2,22,2,0.092,0,1
EV00009,Volta - Austin #9,Austin,Level 2,5,0,0.064,0,2
EV00009,Volta - Austin #9,Austin,Level 2,23,1,0.051,0,3
EV00009,Volta - Austin #9,Austin,Level 2,23,1,0.061,0,4
EV00009,Volta - Austin #9,Austin,Level 2,22,2,0.107,0,5
EV00009,Volta - Austin #9,Austin,Level 2,16,8,0.346,0,6
EV00009,Volta - Austin #9,Austin,Level 2,11,13,0.583,0,7
EV00009,Volta - Austin #9,Austin,Level 2,10,14,0.591,0,8
EV00009,Volta - Austin #9,Austin,Level 2,0,0,0.639,47,9
EV00009,Volta - Austin #9,Austin,Level 2,10,14,0.624,0,10
EV00009,Volta - Austin #9,Austin,Level 2,8,16,0.689,0,11
EV00009,Volta - Austin #9,Austin,Level 2,7,17,0.712,0,12
EV00009,Volta - Austin #9,Austin,Level 2,5,19,0.821,0,13
EV00009,Volta - Austin #9,Austin,Level 2,12,12,0.5,0,14
EV00009,Volta - Austin #9,Austin,Level 2,4,20,0.872,0,15
EV00009,Volta - Austin #9,Austin,Level 2,0,0,0.774,58,16
EV00009,Volta - Austin #9,Austin,Level 2,2,22,0.939,0,17
EV00009,Volta - Austin #9,Austin,Level 2,6,18,0.757,0,18
EV00009,Volta - Austin #9,Austin,Level 2,3,11,0.792,0,19
EV00009,Volta - Austin #9,Austin,Level 2,4,6,0.651,0,20
EV00009,Volta - Austin #9,Austin,Level 2,10,14,0.611,0,21
EV00009,Volta - Austin #9,Austin,Level 2,15,9,0.401,0,22
EV00009,Volta - Austin #9,Austin,Level 2,20,4,0.191,0,23
EV00010,Volta - San Diego #10,San Diego,Level 2,4,0,0.244,0,0
EV00010,Volta - San Diego #10,San Diego,Level 2,4,0,0.218,0,1
EV00010,Volta - San Diego #10,San Diego,Level 2,2,0,0.128,0,2
EV00010,Volta - San Diego #10,San Diego,Level 2,4,0,0.12,0,3
EV00010,Volta - San Diego #10,San Diego,Level 2,4,0,0.089,0,4
EV00010,Volta - San Diego #10,San Diego,Level 2,4,0,0.126,0,5
EV00010,Volta - San Diego #10,San Diego,Level 2,4,0,0.149,0,6
EV00010,Volta - San Diego #10,San Diego,Level 2,0,0,0.302,132,7
EV00010,Volta - San Diego #10,San Diego,Level 2,2,2,0.502,0,8
EV00010,Volta - San Diego #10,San Diego,Level 2,2,2,0.73,0,9
EV00010,Volta - San Diego #10,San Diego,Level 2,1,3,0.82,0,10
EV00010,Volta - San Diego #10,San Diego,Level 2,0,0,0.787,82,11
EV00010,Volta - San Diego #10,San Diego,Level 2,1,3,0.958,0,12
EV00010,Volta - San Diego #10,San Diego,Level 2,1,3,0.812,0,13
EV00010,Volta - San Diego #10,San Diego,Level 2,0,0,0.526,132,14
EV00010,Volta - San Diego #10,San Diego,Level 2,2,2,0.672,0,15
EV00010,Volta - San Diego #10,San Diego,Level 2,1,3,0.855,0,16
EV00010,Volta - San Diego #10,San Diego,Level 2,1,3,0.752,0,17
EV00010,Volta - San Diego #10,San Diego,Level 2,1,3,0.759,0,18
EV00010,Volta - San Diego #10,San Diego,Level 2,2,2,0.682,0,19
EV00010,Volta - San Diego #10,San Diego,Level 2,0,0,0.499,92,20
EV00010,Volta - San Diego #10,San Diego,Level 2,3,1,0.363,0,21
EV00010,Volta - San Diego #10,San Diego,Level 2,3,1,0.348,0,22
EV00010,Volta - San Diego #10,San Diego,Level 2,2,0,0.362,0,23
EV00011,Shell Recharge - Phoenix #11,Phoenix,DC Fast Charge,6,0,0.02,0,0
EV00011,Shell Recharge - Phoenix #11,Phoenix,DC Fast Charge,6,0,0.021,0,1
EV00011,Shell Recharge - Phoenix #11,Phoenix,DC Fast Charge,6,0,0.024,0,2
EV00011,Shell Recharge - Phoenix #11,Phoenix,DC Fast Charge,6,0,0.021,0,3
EV00011,Shell Recharge - Phoenix #11,Phoenix,DC Fast Charge,6,0,0.02,0,4
EV00011,Shell Recharge - Phoenix #11,Phoenix,DC Fast Charge,6,0,0.025,0,5
EV00011,Shell Recharge - Phoenix #11,Phoenix,DC Fast Charge,6,0,0.111,0,6
EV00011,Shell Recharge - Phoenix #11,Phoenix,DC Fast Charge,4,2,0.365,0,7
EV00011,Shell Recharge - Phoenix #11,Phoenix,DC Fast Charge,2,4,0.737,0,8
EV00011,Shell Recharge - Phoenix #11,Phoenix,DC Fast Charge,0,0,0.794,23,9
EV00011,Shell Recharge - Phoenix #11,Phoenix,DC Fast Charge,2,4,0.755,0,10
EV00011,Shell Recharge - Phoenix #11,Phoenix,DC Fast Charge,2,4,0.719,0,11
EV00011,Shell Recharge - Phoenix #11,Phoenix,DC Fast Charge,2,4,0.738,0,12
EV00011,Shell Recharge - Phoenix #11,Phoenix,DC Fast Charge,3,3,0.603,0,13
EV00011,Shell Recharge - Phoenix #11,Phoenix,DC Fast Charge,3,3,0.603,0,14
EV00011,Shell Recharge - Phoenix #11,Phoenix,DC Fast Charge,2,4,0.825,0,15
EV00011,Shell Recharge - Phoenix #11,Phoenix,DC Fast Charge,3,3,0.603,0,16
EV00011,Shell Recharge - Phoenix #11,Phoenix,DC Fast Charge,4,2,0.356,0,17
EV00011,Shell Recharge - Phoenix #11,Phoenix,DC Fast Charge,6,0,0.142,0,18
EV00011,Shell Recharge - Phoenix #11,Phoenix,DC Fast Charge,6,0,0.056,0,19
EV00011,Shell Recharge - Phoenix #11,Phoenix,DC Fast Charge,6,0,0.061,0,20
EV00011,Shell Recharge - Phoenix #11,Phoenix,DC Fast Charge,6,0,0.028,0,21
EV00011,Shell Recharge - Phoenix #11,Phoenix,DC Fast Charge,6,0,0.02,0,22
EV00011,Shell Recharge - Phoenix #11,Phoenix,DC Fast Charge,6,0,0.025,0,23
EV00012,ChargePoint - Atlanta #12,Atlanta,Level 2,10,2,0.194,0,0
EV00012,ChargePoint - Atlanta #12,Atlanta,Level 2,11,1,0.122,0,1
EV00012,ChargePoint - Atlanta #12,Atlanta,Level 2,12,0,0.076,0,2
EV00012,ChargePoint - Atlanta #12,Atlanta,Level 2,12,0,0.079,0,3
EV00012,ChargePoint - Atlanta #12,Atlanta,Level 2,12,0,0.073,0,4
EV00012,ChargePoint - Atlanta #12,Atlanta,Level 2,11,1,0.092,0,5
EV00012,ChargePoint - Atlanta #12,Atlanta,Level 2,11,1,0.119,0,6
EV00012,ChargePoint - Atlanta #12,Atlanta,Level 2,10,2,0.246,0,7
EV00012,ChargePoint - Atlanta #12,Atlanta,Level 2,9,3,0.269,0,8
EV00012,ChargePoint - Atlanta #12,Atlanta,Level 2,6,6,0.527,0,9
EV00012,ChargePoint - Atlanta #12,Atlanta,Level 2,6,6,0.574,0,10
EV00012,ChargePoint - Atlanta #12,Atlanta,Level 2,5,7,0.604,0,11
EV00012,ChargePoint - Atlanta #12,Atlanta,Level 2,6,6,0.546,0,12
EV00012,ChargePoint - Atlanta #12,Atlanta,Level 2,7,5,0.49,0,13
EV00012,ChargePoint - Atlanta #12,Atlanta,Level 2,6,6,0.539,0,14
EV00012,ChargePoint - Atlanta #12,Atlanta,Level 2,6,6,0.563,0,15
EV00012,ChargePoint - Atlanta #12,Atlanta,Level 2,5,7,0.635,0,16
EV00012,ChargePoint - Atlanta #12,Atlanta,Level 2,6,6,0.565,0,17
EV00012,ChargePoint - Atlanta #12,Atlanta,Level 2,5,7,0.59,0,18
EV00012,ChargePoint - Atlanta #12,Atlanta,Level 2,8,4,0.362,0,19
EV00012,ChargePoint - Atlanta #12,Atlanta,Level 2,7,5,0.476,0,20
EV00012,ChargePoint - Atlanta #12,Atlanta,Level 2,0,0,0.397,92,21
EV00012,ChargePoint - Atlanta #12,Atlanta,Level 2,10,2,0.215,0,22
EV00012,ChargePoint - Atlanta #12,Atlanta,Level 2,10,2,0.201,0,23
EV00013,Blink - Austin #13,Austin,DC Fast Charge,4,0,0.247,0,0
EV00013,Blink - Austin #13,Austin,DC Fast Charge,4,0,0.22,0,1
EV00013,Blink - Austin #13,Austin,DC Fast Charge,4,0,0.124,0,2
EV00013,Blink - Austin #13,Austin,DC Fast Charge,4,0,0.086,0,3
EV00013,Blink - Austin #13,Austin,DC Fast Charge,4,0,0.082,0,4
EV00013,Blink - Austin #13,Austin,DC Fast Charge,4,0,0.13,0,5
EV00013,Blink - Austin #13,Austin,DC Fast Charge,4,0,0.148,0,6
EV00013,Blink - Austin #13,Austin,DC Fast Charge,3,1,0.364,0,7
EV00013,Blink - Austin #13,Austin,DC Fast Charge,2,2,0.519,0,8
EV00013,Blink - Austin #13,Austin,DC Fast Charge,2,2,0.571,0,9
EV00013,Blink - Austin #13,Austin,DC Fast Charge,1,0,0.539,0,10
EV00013,Blink - Austin #13,Austin,DC Fast Charge,1,3,0.833,0,11
EV00013,Blink - Austin #13,Austin,DC Fast Charge,2,2,0.667,0,12
EV00013,Blink - Austin #13,Austin,DC Fast Charge,1,3,0.888,0,13
EV00013,Blink - Austin #13,Austin,DC Fast Charge,2,2,0.69,0,14
EV00013,Blink - Austin #13,Austin,DC Fast Charge,2,2,0.608,0,15
EV00013,Blink - Austin #13,Austin,DC Fast Charge,1,0,0.613,0,16
EV00013,Blink - Austin #13,Austin,DC Fast Charge,2,2,0.643,0,17
EV00013,Blink - Austin #13,Austin,DC Fast Charge,1,3,0.901,0,18
EV00013,Blink - Austin #13,Austin,DC Fast Charge,2,2,0.643,0,19
EV00013,Blink - Austin #13,Austin,DC Fast Charge,2,2,0.591,0,20
EV00013,Blink - Austin #13,Austin,DC Fast Charge,3,1,0.436,0,21
EV00013,Blink - Austin #13,Austin,DC Fast Charge,3,1,0.341,0,22
EV00013,Blink - Austin #13,Austin,DC Fast Charge,3,1,0.309,0,23
EV00014,Electrify America - Los Angeles #14,Los Angeles,DC Fast Charge,4,0,0.183,0,0
EV00014,Electrify America - Los Angeles #14,Los Angeles,DC Fast Charge,4,0,0.058,0,1
EV00014,Electrify America - Los Angeles #14,Los Angeles,DC Fast Charge,4,0,0.035,0,2
EV00014,Electrify America - Los Angeles #14,Los Angeles,DC Fast Charge,4,0,0.029,0,3
EV00014,Electrify America - Los Angeles #14,Los Angeles,DC Fast Charge,4,0,0.029,0,4
EV00014,Electrify America - Los Angeles #14,Los Angeles,DC Fast Charge,4,0,0.059,0,5
EV00014,Electrify America - Los Angeles #14,Los Angeles,DC Fast Charge,4,0,0.151,0,6
EV00014,Electrify America - Los Angeles #14,Los Angeles,DC Fast Charge,3,1,0.31,0,7
EV00014,Electrify America - Los Angeles #14,Los Angeles,DC Fast Charge,2,2,0.534,0,8
EV00014,Electrify America - Los Angeles #14,Los Angeles,DC Fast Charge,2,2,0.714,0,9
EV00014,Electrify America - Los Angeles #14,Los Angeles,DC Fast Charge,1,3,0.943,0,10
EV00014,Electrify America - Los Angeles #14,Los Angeles,DC Fast Charge,1,0,0.98,0,11
EV00014,Electrify America - Los Angeles #14,Los Angeles,DC Fast Charge,1,0,0.909,0,12
EV00014,Electrify America - Los Angeles #14,Los Angeles,DC Fast Charge,1,3,0.798,0,13
EV00014,Electrify America - Los Angeles #14,Los Angeles,DC Fast Charge,1,3,0.829,0,14
EV00014,Electrify America - Los Angeles #14,Los Angeles,DC Fast Charge,2,2,0.71,0,15
EV00014,Electrify America - Los Angeles #14,Los Angeles,DC Fast Charge,1,3,0.83,0,16
EV00014,Electrify America - Los Angeles #14,Los Angeles,DC Fast Charge,2,2,0.739,0,17
EV00014,Electrify America - Los Angeles #14,Los Angeles,DC Fast Charge,1,3,0.98,0,18
EV00014,Electrify America - Los Angeles #14,Los Angeles,DC Fast Charge,1,3,0.81,0,19
EV00014,Electrify America - Los Angeles #14,Los Angeles,DC Fast Charge,1,3,0.909,0,20
EV00014,Electrify America - Los Angeles #14,Los Angeles,DC Fast Charge,1,3,0.787,0,21
EV00014,Electrify America - Los Angeles #14,Los Angeles,DC Fast Charge,3,1,0.468,0,22
EV00014,Electrify America - Los Angeles #14,Los Angeles,DC Fast Charge,3,1,0.275,0,23
EV00015,Electrify America - New York #15,New York,DC Fast Charge,9,1,0.108,0,0
EV00015,Electrify America - New York #15,New York,DC Fast Charge,10,0,0.053,0,1
EV00015,Electrify America - New York #15,New York,DC Fast Charge,10,0,0.025,0,2
EV00015,Electrify America - New York #15,New York,DC Fast Charge,10,0,0.022,0,3
EV00015,Electrify America - New York #15,New York,DC Fast Charge,10,0,0.02,0,4
EV00015,Electrify America - New York #15,New York,DC Fast Charge,10,0,0.049,0,5
EV00015,Electrify America - New York #15,New York,DC Fast Charge,9,1,0.115,0,6
EV00015,Electrify America - New York #15,New York,DC Fast Charge,0,0,0.298,14,7
EV00015,Electrify America - New York #15,New York,DC Fast Charge,7,3,0.301,0,8
EV00015,Electrify America - New York #15,New York,DC Fast Charge,4,6,0.611,0,9
EV00015,Electrify America - New York #15,New York,DC Fast Charge,5,5,0.565,0,10
EV00015,Electrify America - New York #15,New York,DC Fast Charge,5,5,0.549,0,11
EV00015,Electrify America - New York #15,New York,DC Fast Charge,1,3,0.889,0,12
EV00015,Electrify America - New York #15,New York,DC Fast Charge,3,7,0.798,0,13
EV00015,Electrify America - New York #15,New York,DC Fast Charge,4,6,0.639,0,14
EV00015,Electrify America - New York #15,New York,DC Fast Charge,1,1,0.535,0,15
EV00015,Electrify America - New York #15,New York,DC Fast Charge,4,6,0.679,0,16
EV00015,Electrify America - New York #15,New York,DC Fast Charge,4,6,0.673,0,17
EV00015,Electrify America - New York #15,New York,DC Fast Charge,5,5,0.586,0,18
EV00015,Electrify America - New York #15,New York,DC Fast Charge,4,6,0.6,0,19
EV00015,Electrify America - New York #15,New York,DC Fast Charge,3,7,0.762,0,20
EV00015,Electrify America - New York #15,New York,DC Fast Charge,6,4,0.497,0,21
EV00015,Electrify America - New York #15,New York,DC Fast Charge,8,2,0.283,0,22
EV00015,Electrify America - New York #15,New York,DC Fast Charge,0,0,0.163,12,23
EV00016,ChargePoint - Los Angeles #16,Los Angeles,DC Fast Charge,0,0,0.119,11,0
EV00016,ChargePoint - Los Angeles #16,Los Angeles,DC Fast Charge,4,0,0.066,0,1
EV00016,ChargePoint - Los Angeles #16,Los Angeles,DC Fast Charge,4,0,0.038,0,2
EV00016,ChargePoint - Los Angeles #16,Los Angeles,DC Fast Charge,4,0,0.021,0,3
EV00016,ChargePoint - Los Angeles #16,Los Angeles,DC Fast Charge,4,0,0.028,0,4
EV00016,ChargePoint - Los Angeles #16,Los Angeles,DC Fast Charge,4,0,0.057,0,5
EV00016,ChargePoint - Los Angeles #16,Los Angeles,DC Fast Charge,4,0,0.149,0,6
EV00016,ChargePoint - Los Angeles #16,Los Angeles,DC Fast Charge,3,1,0.341,0,7
EV00016,ChargePoint - Los Angeles #16,Los Angeles,DC Fast Charge,2,2,0.644,0,8
EV00016,ChargePoint - Los Angeles #16,Los Angeles,DC Fast Charge,1,3,0.751,0,9
EV00016,ChargePoint - Los Angeles #16,Los Angeles,DC Fast Charge,1,3,0.903,0,10
EV00016,ChargePoint - Los Angeles #16,Los Angeles,DC Fast Charge,1,3,0.946,0,11
EV00016,ChargePoint - Los Angeles #16,Los Angeles,DC Fast Charge,1,3,0.969,0,12
EV00016,ChargePoint - Los Angeles #16,Los Angeles,DC Fast Charge,0,0,0.98,22,13
EV00016,ChargePoint - Los Angeles #16,Los Angeles,DC Fast Charge,1,3,0.794,0,14
EV00016,ChargePoint - Los Angeles #16,Los Angeles,DC Fast Charge,1,3,0.882,0,15
EV00016,ChargePoint - Los Angeles #16,Los Angeles,DC Fast Charge,1,3,0.77,0,16
EV00016,ChargePoint - Los Angeles #16,Los Angeles,DC Fast Charge,2,2,0.647,0,17
EV00016,ChargePoint - Los Angeles #16,Los Angeles,DC Fast Charge,1,3,0.892,0,18
EV00016,ChargePoint - Los Angeles #16,Los Angeles,DC Fast Charge,1,3,0.98,0,19
EV00016,ChargePoint - Los Angeles #16,Los Angeles,DC Fast Charge,1,3,0.803,0,20
EV00016,ChargePoint - Los Angeles #16,Los Angeles,DC Fast Charge,1,3,0.753,0,21
EV00016,ChargePoint - Los Angeles #16,Los Angeles,DC Fast Charge,3,1,0.458,0,22
EV00016,ChargePoint - Los Angeles #16,Los Angeles,DC Fast Charge,0,0,0.308,14,23
EV00017,Electrify America - Las Vegas #17,Las Vegas,DC Fast Charge,0,0,0.088,21,0
EV00017,Electrify America - Las Vegas #17,Las Vegas,DC Fast Charge,2,0,0.042,0,1
EV00017,Electrify America - Las Vegas #17,Las Vegas,DC Fast Charge,2,0,0.026,0,2
EV00017,Electrify America - Las Vegas #17,Las Vegas,DC Fast Charge,2,0,0.025,0,3
EV00017,Electrify America - Las Vegas #17,Las Vegas,DC Fast Charge,2,0,0.027,0,4
EV00017,Electrify America - Las Vegas #17,Las Vegas,DC Fast Charge,2,0,0.043,0,5
EV00017,Electrify America - Las Vegas #17,Las Vegas,DC Fast Charge,1,0,0.11,0,6
EV00017,Electrify America - Las Vegas #17,Las Vegas,DC Fast Charge,2,0,0.267,0,7
EV00017,Electrify America - Las Vegas #17,Las Vegas,DC Fast Charge,2,0,0.356,0,8
EV00017,Electrify America - Las Vegas #17,Las Vegas,DC Fast Charge,2,0,0.473,0,9
EV00017,Electrify America - Las Vegas #17,Las Vegas,DC Fast Charge,1,1,0.681,0,10
EV00017,Electrify America - Las Vegas #17,Las Vegas,DC Fast Charge,1,1,0.739,0,11
EV00017,Electrify America - Las Vegas #17,Las Vegas,DC Fast Charge,1,1,0.747,0,12
EV00017,Electrify America - Las Vegas #17,Las Vegas,DC Fast Charge,1,1,0.808,0,13
EV00017,Electrify America - Las Vegas #17,Las Vegas,DC Fast Charge,1,1,0.537,0,14
EV00017,Electrify America - Las Vegas #17,Las Vegas,DC Fast Charge,1,1,0.723,0,15
EV00017,Electrify America - Las Vegas #17,Las Vegas,DC Fast Charge,2,0,0.481,0,16
EV00017,Electrify America - Las Vegas #17,Las Vegas,DC Fast Charge,2,0,0.482,0,17
EV00017,Electrify America - Las Vegas #17,Las Vegas,DC Fast Charge,1,1,0.966,0,18
EV00017,Electrify America - Las Vegas #17,Las Vegas,DC Fast Charge,1,1,0.98,0,19
EV00017,Electrify America - Las Vegas #17,Las Vegas,DC Fast Charge,1,1,0.861,0,20
EV00017,Electrify America - Las Vegas #17,Las Vegas,DC Fast Charge,2,0,0.449,0,21
EV00017,Electrify America - Las Vegas #17,Las Vegas,DC Fast Charge,0,0,0.394,18,22
EV00017,Electrify America - Las Vegas #17,Las Vegas,DC Fast Charge,2,0,0.242,0,23
EV00018,Volta - Los Angeles #18,Los Angeles,Level 2,7,1,0.226,0,0
EV00018,Volta - Los Angeles #18,Los Angeles,Level 2,7,1,0.198,0,1
EV00018,Volta - Los Angeles #18,Los Angeles,Level 2,7,1,0.185,0,2
EV00018,Volta - Los Angeles #18,Los Angeles,Level 2,8,0,0.098,0,3
EV00018,Volta - Los Angeles #18,Los Angeles,Level 2,7,1,0.127,0,4
EV00018,Volta - Los Angeles #18,Los Angeles,Level 2,8,0,0.121,0,5
EV00018,Volta - Los Angeles #18,Los Angeles,Level 2,7,1,0.179,0,6
EV00018,Volta - Los Angeles #18,Los Angeles,Level 2,5,3,0.443,0,7
EV00018,Volta - Los Angeles #18,Los Angeles,Level 2,5,3,0.421,0,8
EV00018,Volta - Los Angeles #18,Los Angeles,Level 2,4,4,0.565,0,9
EV00018,Volta - Los Angeles #18,Los Angeles,Level 2,4,4,0.546,0,10
EV00018,Volta - Los Angeles #18,Los Angeles,Level 2,1,7,0.98,0,11
EV00018,Volta - Los Angeles #18,Los Angeles,Level 2,1,7,0.98,0,12
EV00018,Volta - Los Angeles #18,Los Angeles,Level 2,1,7,0.98,0,13
EV00018,Volta - Los Angeles #18,Los Angeles,Level 2,2,6,0.792,0,14
EV00018,Volta - Los Angeles #18,Los Angeles,Level 2,3,5,0.696,0,15
EV00018,Volta - Los Angeles #18,Los Angeles,Level 2,2,6,0.82,0,16
EV00018,Volta - Los Angeles #18,Los Angeles,Level 2,2,6,0.819,0,17
EV00018,Volta - Los Angeles #18,Los Angeles,Level 2,1,7,0.919,0,18
EV00018,Volta - Los Angeles #18,Los Angeles,Level 2,4,4,0.577,0,19
EV00018,Volta - Los Angeles #18,Los Angeles,Level 2,4,4,0.528,0,20
EV00018,Volta - Los Angeles #18,Los Angeles,Level 2,5,3,0.416,0,21
EV00018,Volta - Los Angeles #18,Los Angeles,Level 2,5,3,0.459,0,22
EV00018,Volta - Los Angeles #18,Los Angeles,Level 2,6,2,0.281,0,23
EV00019,Tesla Supercharger - Boston #19,Boston,Tesla DC Fast,17,3,0.19,0,0
EV00019,Tesla Supercharger - Boston #19,Boston,Tesla DC Fast,19,1,0.099,0,1
EV00019,Tesla Supercharger - Boston #19,Boston,Tesla DC Fast,19,1,0.059,0,2
EV00019,Tesla Supercharger - Boston #19,Boston,Tesla DC Fast,20,0,0.045,0,3
EV00019,Tesla Supercharger - Boston #19,Boston,Tesla DC Fast,19,1,0.051,0,4
EV00019,Tesla Supercharger - Boston #19,Boston,Tesla DC Fast,18,2,0.112,0,5
EV00019,Tesla Supercharger - Boston #19,Boston,Tesla DC Fast,15,5,0.252,0,6
EV00019,Tesla Supercharger - Boston #19,Boston,Tesla DC Fast,12,8,0.401,0,7
EV00019,Tesla Supercharger - Boston #19,Boston,Tesla DC Fast,10,10,0.514,0,8
EV00019,Tesla Supercharger - Boston #19,Boston,Tesla DC Fast,11,9,0.46,0,9
EV00019,Tesla Supercharger - Boston #19,Boston,Tesla DC Fast,9,11,0.556,0,10
EV00019,Tesla Supercharger - Boston #19,Boston,Tesla DC Fast,7,13,0.673,0,11
EV00019,Tesla Supercharger - Boston #19,Boston,Tesla DC Fast,0,0,0.798,15,12
EV00019,Tesla Supercharger - Boston #19,Boston,Tesla DC Fast,6,14,0.74,0,13
EV00019,Tesla Supercharger - Boston #19,Boston,Tesla DC Fast,11,9,0.467,0,14
EV00019,Tesla Supercharger - Boston #19,Boston,Tesla DC Fast,6,14,0.726,0,15
EV00019,Tesla Supercharger - Boston #19,Boston,Tesla DC Fast,7,13,0.694,0,16
EV00019,Tesla Supercharger - Boston #19,Boston,Tesla DC Fast,1,19,0.98,0,17
EV00019,Tesla Supercharger - Boston #19,Boston,Tesla DC Fast,4,16,0.827,0,18
EV00019,Tesla Supercharger - Boston #19,Boston,Tesla DC Fast,7,13,0.652,0,19
EV00019,Tesla Supercharger - Boston #19,Boston,Tesla DC Fast,10,10,0.514,0,20
EV00019,Tesla Supercharger - Boston #19,Boston,Tesla DC Fast,13,7,0.354,0,21
EV00019,Tesla Supercharger - Boston #19,Boston,Tesla DC Fast,0,0,0.267,18,22
EV00019,Tesla Supercharger - Boston #19,Boston,Tesla DC Fast,16,4,0.243,0,23
EV00020,ChargePoint - Chicago #20,Chicago,Level 2,4,0,0.075,0,0
EV00020,ChargePoint - Chicago #20,Chicago,Level 2,4,0,0.039,0,1
EV00020,ChargePoint - Chicago #20,Chicago,Level 2,4,0,0.022,0,2
EV00020,ChargePoint - Chicago #20,Chicago,Level 2,4,0,0.02,0,3
EV00020,ChargePoint - Chicago #20,Chicago,Level 2,4,0,0.02,0,4
EV00020,ChargePoint - Chicago #20,Chicago,Level 2,4,0,0.047,0,5
EV00020,ChargePoint - Chicago #20,Chicago,Level 2,4,0,0.1,0,6
EV00020,ChargePoint - Chicago #20,Chicago,Level 2,4,0,0.222,0,7
EV00020,ChargePoint - Chicago #20,Chicago,Level 2,3,1,0.403,0,8
EV00020,ChargePoint - Chicago #20,Chicago,Level 2,3,1,0.343,0,9
EV00020,ChargePoint - Chicago #20,Chicago,Level 2,2,2,0.503,0,10
EV00020,ChargePoint - Chicago #20,Chicago,Level 2,2,2,0.65,0,11
EV00020,ChargePoint - Chicago #20,Chicago,Level 2,2,2,0.596,0,12
EV00020,ChargePoint - Chicago #20,Chicago,Level 2,2,2,0.544,0,13
EV00020,ChargePoint - Chicago #20,Chicago,Level 2,2,2,0.669,0,14
EV00020,ChargePoint - Chicago #20,Chicago,Level 2,2,2,0.627,0,15
EV00020,ChargePoint - Chicago #20,Chicago,Level 2,2,2,0.534,0,16
EV00020,ChargePoint - Chicago #20,Chicago,Level 2,0,0,0.615,81,17
EV00020,ChargePoint - Chicago #20,Chicago,Level 2,2,2,0.54,0,18
EV00020,ChargePoint - Chicago #20,Chicago,Level 2,2,2,0.688,0,19
EV00020,ChargePoint - Chicago #20,Chicago,Level 2,2,2,0.67,0,20
EV00020,ChargePoint - Chicago #20,Chicago,Level 2,0,0,0.437,130,21
EV00020,ChargePoint - Chicago #20,Chicago,Level 2,3,1,0.325,0,22
EV00020,ChargePoint - Chicago #20,Chicago,Level 2,4,0,0.198,0,23
EV00021,Shell Recharge - Seattle #1,Seattle,DC Fast Charge,5,1,0.229,0,0
EV00021,Shell Recharge - Seattle #1,Seattle,DC Fast Charge,5,1,0.207,0,1
EV00021,Shell Recharge - Seattle #1,Seattle,DC Fast Charge,6,0,0.142,0,2
EV00021,Shell Recharge - Seattle #1,Seattle,DC Fast Charge,6,0,0.122,0,3
EV00021,Shell Recharge - Seattle #1,Seattle,DC Fast Charge,6,0,0.116,0,4
EV00021,Shell Recharge - Seattle #1,Seattle,DC Fast Charge,2,0,0.111,0,5
EV00021,Shell Recharge - Seattle #1,Seattle,DC Fast Charge,3,0,0.192,0,6
EV00021,Shell Recharge - Seattle #1,Seattle,DC Fast Charge,4,2,0.383,0,7
EV00021,Shell Recharge - Seattle #1,Seattle,DC Fast Charge,3,3,0.615,0,8
EV00021,Shell Recharge - Seattle #1,Seattle,DC Fast Charge,2,4,0.782,0,9
EV00021,Shell Recharge - Seattle #1,Seattle,DC Fast Charge,2,4,0.705,0,10
EV00021,Shell Recharge - Seattle #1,Seattle,DC Fast Charge,2,4,0.754,0,11
EV00021,Shell Recharge - Seattle #1,Seattle,DC Fast Charge,1,5,0.969,0,12
EV00021,Shell Recharge - Seattle #1,Seattle,DC Fast Charge,2,4,0.8,0,13
EV00021,Shell Recharge - Seattle #1,Seattle,DC Fast Charge,0,0,0.82,13,14
EV00021,Shell Recharge - Seattle #1,Seattle,DC Fast Charge,3,3,0.564,0,15
EV00021,Shell Recharge - Seattle #1,Seattle,DC Fast Charge,3,3,0.627,0,16
EV00021,Shell Recharge - Seattle #1,Seattle,DC Fast Charge,0,0,0.704,17,17
EV00021,Shell Recharge - Seattle #1,Seattle,DC Fast Charge,0,0,0.916,17,18
EV00021,Shell Recharge - Seattle #1,Seattle,DC Fast Charge,0,0,0.776,12,19
EV00021,Shell Recharge - Seattle #1,Seattle,DC Fast Charge,1,1,0.628,0,20
EV00021,Shell Recharge - Seattle #1,Seattle,DC Fast Charge,3,3,0.501,0,21
EV00021,Shell Recharge - Seattle #1,Seattle,DC Fast Charge,4,2,0.355,0,22
EV00021,Shell Recharge - Seattle #1,Seattle,DC Fast Charge,5,1,0.303,0,23
EV00022,Electrify America - New York #2,New York,Hyper-Fast,2,0,0.022,0,0
EV00022,Electrify America - New York #2,New York,Hyper-Fast,2,0,0.022,0,1
EV00022,Electrify America - New York #2,New York,Hyper-Fast,0,0,0.024,20,2
EV00022,Electrify America - New York #2,New York,Hyper-Fast,1,0,0.02,0,3
EV00022,Electrify America - New York #2,New York,Hyper-Fast,0,0,0.021,14,4
EV00022,Electrify America - New York #2,New York,Hyper-Fast,2,0,0.035,0,5
EV00022,Electrify America - New York #2,New York,Hyper-Fast,2,0,0.089,0,6
EV00022,Electrify America - New York #2,New York,Hyper-Fast,2,0,0.286,0,7
EV00022,Electrify America - New York #2,New York,Hyper-Fast,1,1,0.681,0,8
EV00022,Electrify America - New York #2,New York,Hyper-Fast,1,1,0.98,0,9
EV00022,Electrify America - New York #2,New York,Hyper-Fast,1,1,0.704,0,10
EV00022,Electrify America - New York #2,New York,Hyper-Fast,1,1,0.857,0,11
EV00022,Electrify America - New York #2,New York,Hyper-Fast,1,1,0.664,0,12
EV00022,Electrify America - New York #2,New York,Hyper-Fast,0,0,0.98,22,13
EV00022,Electrify America - New York #2,New York,Hyper-Fast,1,1,0.945,0,14
EV00022,Electrify America - New York #2,New York,Hyper-Fast,1,1,0.586,0,15
EV00022,Electrify America - New York #2,New York,Hyper-Fast,1,1,0.543,0,16
EV00022,Electrify America - New York #2,New York,Hyper-Fast,2,0,0.277,0,17
EV00022,Electrify America - New York #2,New York,Hyper-Fast,1,0,0.115,0,18
EV00022,Electrify America - New York #2,New York,Hyper-Fast,2,0,0.074,0,19
EV00022,Electrify America - New York #2,New York,Hyper-Fast,2,0,0.058,0,20
EV00022,Electrify America - New York #2,New York,Hyper-Fast,0,0,0.034,14,21
EV00022,Electrify America - New York #2,New York,Hyper-Fast,0,0,0.023,19,22
EV00022,Electrify America - New York #2,New York,Hyper-Fast,0,0,0.02,20,23
EV00023,Tesla Supercharger - Chicago #3,Chicago,Tesla DC Fast,4,0,0.102,0,0
EV00023,Tesla Supercharger - Chicago #3,Chicago,Tesla DC Fast,4,0,0.053,0,1
EV00023,Tesla Supercharger - Chicago #3,Chicago,Tesla DC Fast,4,0,0.029,0,2
EV00023,Tesla Supercharger - Chicago #3,Chicago,Tesla DC Fast,4,0,0.02,0,3
EV00023,Tesla Supercharger - Chicago #3,Chicago,Tesla DC Fast,4,0,0.02,0,4
EV00023,Tesla Supercharger - Chicago #3,Chicago,Tesla DC Fast,4,0,0.05,0,5
EV00023,Tesla Supercharger - Chicago #3,Chicago,Tesla DC Fast,4,0,0.109,0,6
EV00023,Tesla Supercharger - Chicago #3,Chicago,Tesla DC Fast,4,0,0.171,0,7
EV00023,Tesla Supercharger - Chicago #3,Chicago,Tesla DC Fast,1,0,0.441,0,8
EV00023,Tesla Supercharger - Chicago #3,Chicago,Tesla DC Fast,2,2,0.513,0,9
EV00023,Tesla Supercharger - Chicago #3,Chicago,Tesla DC Fast,3,1,0.442,0,10
EV00023,Tesla Supercharger - Chicago #3,Chicago,Tesla DC Fast,2,2,0.696,0,11
EV00023,Tesla Supercharger - Chicago #3,Chicago,Tesla DC Fast,2,2,0.707,0,12
EV00023,Tesla Supercharger - Chicago #3,Chicago,Tesla DC Fast,2,2,0.665,0,13
EV00023,Tesla Supercharger - Chicago #3,Chicago,Tesla DC Fast,0,0,0.484,22,14
EV00023,Tesla Supercharger - Chicago #3,Chicago,Tesla DC Fast,2,2,0.539,0,15
EV00023,Tesla Supercharger - Chicago #3,Chicago,Tesla DC Fast,2,2,0.557,0,16
EV00023,Tesla Supercharger - Chicago #3,Chicago,Tesla DC Fast,2,2,0.648,0,17
EV00023,Tesla Supercharger - Chicago #3,Chicago,Tesla DC Fast,2,2,0.747,0,18
EV00023,Tesla Supercharger - Chicago #3,Chicago,Tesla DC Fast,2,2,0.614,0,19
EV00023,Tesla Supercharger - Chicago #3,Chicago,Tesla DC Fast,2,2,0.646,0,20
EV00023,Tesla Supercharger - Chicago #3,Chicago,Tesla DC Fast,0,0,0.484,12,21
EV00023,Tesla Supercharger - Chicago #3,Chicago,Tesla DC Fast,3,1,0.383,0,22
EV00023,Tesla Supercharger - Chicago #3,Chicago,Tesla DC Fast,4,0,0.138,0,23
EV00024,Electrify America - Chicago #4,Chicago,Hyper-Fast,2,0,0.175,0,0
EV00024,Electrify America - Chicago #4,Chicago,Hyper-Fast,2,0,0.135,0,1
EV00024,Electrify America - Chicago #4,Chicago,Hyper-Fast,2,0,0.081,0,2
EV00024,Electrify America - Chicago #4,Chicago,Hyper-Fast,0,0,0.086,10,3
EV00024,Electrify America - Chicago #4,Chicago,Hyper-Fast,2,0,0.088,0,4
EV00024,Electrify America - Chicago #4,Chicago,Hyper-Fast,2,0,0.112,0,5
EV00024,Electrify America - Chicago #4,Chicago,Hyper-Fast,2,0,0.164,0,6
EV00024,Electrify America - Chicago #4,Chicago,Hyper-Fast,2,0,0.23,0,7
EV00024,Electrify America - Chicago #4,Chicago,Hyper-Fast,2,0,0.295,0,8
EV00024,Electrify America - Chicago #4,Chicago,Hyper-Fast,2,0,0.355,0,9
EV00024,Electrify America - Chicago #4,Chicago,Hyper-Fast,2,0,0.446,0,10
EV00024,Electrify America - Chicago #4,Chicago,Hyper-Fast,1,1,0.546,0,11
EV00024,Electrify America - Chicago #4,Chicago,Hyper-Fast,1,1,0.643,0,12
EV00024,Electrify America - Chicago #4,Chicago,Hyper-Fast,1,1,0.528,0,13
EV00024,Electrify America - Chicago #4,Chicago,Hyper-Fast,1,1,0.518,0,14
EV00024,Electrify America - Chicago #4,Chicago,Hyper-Fast,2,0,0.408,0,15
EV00024,Electrify America - Chicago #4,Chicago,Hyper-Fast,0,0,0.537,10,16
EV00024,Electrify America - Chicago #4,Chicago,Hyper-Fast,1,1,0.661,0,17
EV00024,Electrify America - Chicago #4,Chicago,Hyper-Fast,1,1,0.609,0,18
EV00024,Electrify America - Chicago #4,Chicago,Hyper-Fast,2,0,0.457,0,19
EV00024,Electrify America - Chicago #4,Chicago,Hyper-Fast,2,0,0.417,0,20
EV00024,Electrify America - Chicago #4,Chicago,Hyper-Fast,2,0,0.32,0,21
EV00024,Electrify America - Chicago #4,Chicago,Hyper-Fast,2,0,0.296,0,22
EV00024,Electrify America - Chicago #4,Chicago,Hyper-Fast,2,0,0.221,0,23
EV00025,Blink - San Diego #5,San Diego,DC Fast Charge,2,0,0.285,0,0
EV00025,Blink - San Diego #5,San Diego,DC Fast Charge,0,0,0.387,19,1
EV00025,Blink - San Diego #5,San Diego,DC Fast Charge,2,0,0.333,0,2
EV00025,Blink - San Diego #5,San Diego,DC Fast Charge,2,0,0.378,0,3
EV00025,Blink - San Diego #5,San Diego,DC Fast Charge,2,0,0.269,0,4
EV00025,Blink - San Diego #5,San Diego,DC Fast Charge,0,0,0.203,24,5
EV00025,Blink - San Diego #5,San Diego,DC Fast Charge,2,0,0.162,0,6
EV00025,Blink - San Diego #5,San Diego,DC Fast Charge,2,0,0.099,0,7
EV00025,Blink - San Diego #5,San Diego,DC Fast Charge,2,0,0.056,0,8
EV00025,Blink - San Diego #5,San Diego,DC Fast Charge,2,0,0.064,0,9
EV00025,Blink - San Diego #5,San Diego,DC Fast Charge,2,0,0.113,0,10
EV00025,Blink - San Diego #5,San Diego,DC Fast Charge,2,0,0.15,0,11
EV00025,Blink - San Diego #5,San Diego,DC Fast Charge,2,0,0.183,0,12
EV00025,Blink - San Diego #5,San Diego,DC Fast Charge,2,0,0.144,0,13
EV00025,Blink - San Diego #5,San Diego,DC Fast Charge,2,0,0.122,0,14
EV00025,Blink - San Diego #5,San Diego,DC Fast Charge,2,0,0.154,0,15
EV00025,Blink - San Diego #5,San Diego,DC Fast Charge,2,0,0.177,0,16
EV00025,Blink - San Diego #5,San Diego,DC Fast Charge,2,0,0.298,0,17
EV00025,Blink - San Diego #5,San Diego,DC Fast Charge,1,1,0.516,0,18
EV00025,Blink - San Diego #5,San Diego,DC Fast Charge,1,1,0.98,0,19
EV00025,Blink - San Diego #5,San Diego,DC Fast Charge,1,1,0.751,0,20
EV00025,Blink - San Diego #5,San Diego,DC Fast Charge,1,1,0.69,0,21
EV00025,Blink - San Diego #5,San Diego,DC Fast Charge,1,0,0.759,0,22
EV00025,Blink - San Diego #5,San Diego,DC Fast Charge,0,0,0.549,9,23
EV00026,EVgo - Austin #6,Austin,DC Fast Charge,5,1,0.206,0,0
EV00026,EVgo - Austin #6,Austin,DC Fast Charge,6,0,0.125,0,1
EV00026,EVgo - Austin #6,Austin,DC Fast Charge,6,0,0.104,0,2
EV00026,EVgo - Austin #6,Austin,DC Fast Charge,6,0,0.104,0,3
EV00026,EVgo - Austin #6,Austin,DC Fast Charge,0,0,0.081,21,4
EV00026,EVgo - Austin #6,Austin,DC Fast Charge,6,0,0.13,0,5
EV00026,EVgo - Austin #6,Austin,DC Fast Charge,5,1,0.194,0,6
EV00026,EVgo - Austin #6,Austin,DC Fast Charge,5,1,0.277,0,7
EV00026,EVgo - Austin #6,Austin,DC Fast Charge,4,2,0.437,0,8
EV00026,EVgo - Austin #6,Austin,DC Fast Charge,2,4,0.668,0,9
EV00026,EVgo - Austin #6,Austin,DC Fast Charge,4,2,0.471,0,10
EV00026,EVgo - Austin #6,Austin,DC Fast Charge,0,0,0.613,13,11
EV00026,EVgo - Austin #6,Austin,DC Fast Charge,2,4,0.72,0,12
EV00026,EVgo - Austin #6,Austin,DC Fast Charge,3,3,0.651,0,13
EV00026,EVgo - Austin #6,Austin,DC Fast Charge,3,3,0.602,0,14
EV00026,EVgo - Austin #6,Austin,DC Fast Charge,2,4,0.683,0,15
EV00026,EVgo - Austin #6,Austin,DC Fast Charge,3,3,0.615,0,16
EV00026,EVgo - Austin #6,Austin,DC Fast Charge,3,3,0.577,0,17
EV00026,EVgo - Austin #6,Austin,DC Fast Charge,3,3,0.599,0,18
EV00026,EVgo - Austin #6,Austin,DC Fast Charge,2,4,0.739,0,19
EV00026,EVgo - Austin #6,Austin,DC Fast Charge,3,3,0.558,0,20
EV00026,EVgo - Austin #6,Austin,DC Fast Charge,4,2,0.485,0,21
EV00026,EVgo - Austin #6,Austin,DC Fast Charge,4,2,0.359,0,22
EV00026,EVgo - Austin #6,Austin,DC Fast Charge,0,0,0.305,14,23
EV00027,Volta - Miami #7,Miami,Level 2,4,0,0.202,0,0
EV00027,Volta - Miami #7,Miami,Level 2,4,0,0.145,0,1
EV00027,Volta - Miami #7,Miami,Level 2,0,0,0.106,76,2
EV00027,Volta - Miami #7,Miami,Level 2,4,0,0.078,0,3
EV00027,Volta - Miami #7,Miami,Level 2,4,0,0.061,0,4
EV00027,Volta - Miami #7,Miami,Level 2,4,0,0.121,0,5
EV00027,Volta - Miami #7,Miami,Level 2,4,0,0.151,0,6
EV00027,Volta - Miami #7,Miami,Level 2,4,0,0.218,0,7
EV00027,Volta - Miami #7,Miami,Level 2,3,1,0.397,0,8
EV00027,Volta - Miami #7,Miami,Level 2,3,1,0.422,0,9
EV00027,Volta - Miami #7,Miami,Level 2,3,1,0.489,0,10
EV00027,Volta - Miami #7,Miami,Level 2,2,2,0.614,0,11
EV00027,Volta - Miami #7,Miami,Level 2,1,1,0.588,0,12
EV00027,Volta - Miami #7,Miami,Level 2,2,2,0.54,0,13
EV00027,Volta - Miami #7,Miami,Level 2,2,2,0.55,0,14
EV00027,Volta - Miami #7,Miami,Level 2,3,1,0.481,0,15
EV00027,Volta - Miami #7,Miami,Level 2,2,2,0.591,0,16
EV00027,Volta - Miami #7,Miami,Level 2,3,1,0.492,0,17
EV00027,Volta - Miami #7,Miami,Level 2,2,2,0.502,0,18
EV00027,Volta - Miami #7,Miami,Level 2,3,1,0.472,0,19
EV00027,Volta - Miami #7,Miami,Level 2,3,1,0.344,0,20
EV00027,Volta - Miami #7,Miami,Level 2,3,1,0.373,0,21
EV00027,Volta - Miami #7,Miami,Level 2,3,1,0.293,0,22
EV00027,Volta - Miami #7,Miami,Level 2,4,0,0.18,0,23
EV00028,Volta - Las Vegas #8,Las Vegas,Level 2,6,0,0.074,0,0
EV00028,Volta - Las Vegas #8,Las Vegas,Level 2,6,0,0.043,0,1
EV00028,Volta - Las Vegas #8,Las Vegas,Level 2,6,0,0.028,0,2
EV00028,Volta - Las Vegas #8,Las Vegas,Level 2,6,0,0.024,0,3
EV00028,Volta - Las Vegas #8,Las Vegas,Level 2,0,0,0.02,128,4
EV00028,Volta - Las Vegas #8,Las Vegas,Level 2,6,0,0.048,0,5
EV00028,Volta - Las Vegas #8,Las Vegas,Level 2,6,0,0.088,0,6
EV00028,Volta - Las Vegas #8,Las Vegas,Level 2,5,1,0.294,0,7
EV00028,Volta - Las Vegas #8,Las Vegas,Level 2,2,1,0.345,0,8
EV00028,Volta - Las Vegas #8,Las Vegas,Level 2,3,3,0.574,0,9
EV00028,Volta - Las Vegas #8,Las Vegas,Level 2,2,4,0.682,0,10
EV00028,Volta - Las Vegas #8,Las Vegas,Level 2,2,4,0.691,0,11
EV00028,Volta - Las Vegas #8,Las Vegas,Level 2,2,4,0.754,0,12
EV00028,Volta - Las Vegas #8,Las Vegas,Level 2,1,5,0.949,0,13
EV00028,Volta - Las Vegas #8,Las Vegas,Level 2,0,0,0.643,46,14
EV00028,Volta - Las Vegas #8,Las Vegas,Level 2,3,3,0.562,0,15
EV00028,Volta - Las Vegas #8,Las Vegas,Level 2,3,3,0.526,0,16
EV00028,Volta - Las Vegas #8,Las Vegas,Level 2,3,3,0.638,0,17
EV00028,Volta - Las Vegas #8,Las Vegas,Level 2,2,4,0.732,0,18
EV00028,Volta - Las Vegas #8,Las Vegas,Level 2,1,5,0.929,0,19
EV00028,Volta - Las Vegas #8,Las Vegas,Level 2,1,5,0.856,0,20
EV00028,Volta - Las Vegas #8,Las Vegas,Level 2,4,2,0.496,0,21
EV00028,Volta - Las Vegas #8,Las Vegas,Level 2,5,1,0.295,0,22
EV00028,Volta - Las Vegas #8,Las Vegas,Level 2,5,1,0.229,0,23
EV00029,ChargePoint - Atlanta #9,Atlanta,DC Fast Charge,5,1,0.295,0,0
EV00029,ChargePoint - Atlanta #9,Atlanta,DC Fast Charge,3,0,0.2,0,1
EV00029,ChargePoint - Atlanta #9,Atlanta,DC Fast Charge,5,1,0.262,0,2
EV00029,ChargePoint - Atlanta #9,Atlanta,DC Fast Charge,6,0,0.166,0,3
EV00029,ChargePoint - Atlanta #9,Atlanta,DC Fast Charge,5,1,0.178,0,4
EV00029,ChargePoint - Atlanta #9,Atlanta,DC Fast Charge,0,0,0.103,17,5
EV00029,ChargePoint - Atlanta #9,Atlanta,DC Fast Charge,6,0,0.099,0,6
EV00029,ChargePoint - Atlanta #9,Atlanta,DC Fast Charge,6,0,0.076,0,7
EV00029,ChargePoint - Atlanta #9,Atlanta,DC Fast Charge,6,0,0.035,0,8
EV00029,ChargePoint - Atlanta #9,Atlanta,DC Fast Charge,6,0,0.033,0,9
EV00029,ChargePoint - Atlanta #9,Atlanta,DC Fast Charge,6,0,0.074,0,10
EV00029,ChargePoint - Atlanta #9,Atlanta,DC Fast Charge,6,0,0.079,0,11
EV00029,ChargePoint - Atlanta #9,Atlanta,DC Fast Charge,6,0,0.083,0,12
EV00029,ChargePoint - Atlanta #9,Atlanta,DC Fast Charge,6,0,0.095,0,13
EV00029,ChargePoint - Atlanta #9,Atlanta,DC Fast Charge,6,0,0.084,0,14
EV00029,ChargePoint - Atlanta #9,Atlanta,DC Fast Charge,6,0,0.116,0,15
EV00029,ChargePoint - Atlanta #9,Atlanta,DC Fast Charge,5,1,0.183,0,16
EV00029,ChargePoint - Atlanta #9,Atlanta,DC Fast Charge,5,1,0.231,0,17
EV00029,ChargePoint - Atlanta #9,Atlanta,DC Fast Charge,4,2,0.467,0,18
EV00029,ChargePoint - Atlanta #9,Atlanta,DC Fast Charge,3,3,0.665,0,19
EV00029,ChargePoint - Atlanta #9,Atlanta,DC Fast Charge,3,3,0.557,0,20
EV00029,ChargePoint - Atlanta #9,Atlanta,DC Fast Charge,3,3,0.5,0,21
EV00029,ChargePoint - Atlanta #9,Atlanta,DC Fast Charge,4,2,0.412,0,22
EV00029,ChargePoint - Atlanta #9,Atlanta,DC Fast Charge,4,2,0.384,0,23
EV00030,Tesla Supercharger - San Francisco #10,San Francisco,Tesla DC Fast,8,0,0.03,0,0
EV00030,Tesla Supercharger - San Francisco #10,San Francisco,Tesla DC Fast,8,0,0.034,0,1
EV00030,Tesla Supercharger - San Francisco #10,San Francisco,Tesla DC Fast,8,0,0.03,0,2
EV00030,Tesla Supercharger - San Francisco #10,San Francisco,Tesla DC Fast,0,0,0.03,9,3
EV00030,Tesla Supercharger - San Francisco #10,San Francisco,Tesla DC Fast,8,0,0.029,0,4
EV00030,Tesla Supercharger - San Francisco #10,San Francisco,Tesla DC Fast,8,0,0.054,0,5
EV00030,Tesla Supercharger - San Francisco #10,San Francisco,Tesla DC Fast,7,1,0.16,0,6
EV00030,Tesla Supercharger - San Francisco #10,San Francisco,Tesla DC Fast,5,3,0.437,0,7
EV00030,Tesla Supercharger - San Francisco #10,San Francisco,Tesla DC Fast,1,7,0.98,0,8
EV00030,Tesla Supercharger - San Francisco #10,San Francisco,Tesla DC Fast,1,7,0.98,0,9
EV00030,Tesla Supercharger - San Francisco #10,San Francisco,Tesla DC Fast,1,7,0.98,0,10
EV00030,Tesla Supercharger - San Francisco #10,San Francisco,Tesla DC Fast,1,7,0.98,0,11
EV00030,Tesla Supercharger - San Francisco #10,San Francisco,Tesla DC Fast,1,7,0.98,0,12
EV00030,Tesla Supercharger - San Francisco #10,San Francisco,Tesla DC Fast,1,7,0.98,0,13
EV00030,Tesla Supercharger - San Francisco #10,San Francisco,Tesla DC Fast,1,7,0.98,0,14
EV00030,Tesla Supercharger - San Francisco #10,San Francisco,Tesla DC Fast,1,3,0.98,0,15
EV00030,Tesla Supercharger - San Francisco #10,San Francisco,Tesla DC Fast,1,7,0.9,0,16
EV00030,Tesla Supercharger - San Francisco #10,San Francisco,Tesla DC Fast,5,3,0.424,0,17
EV00030,Tesla Supercharger - San Francisco #10,San Francisco,Tesla DC Fast,7,1,0.172,0,18
EV00030,Tesla Supercharger - San Francisco #10,San Francisco,Tesla DC Fast,8,0,0.107,0,19
EV00030,Tesla Supercharger - San Francisco #10,San Francisco,Tesla DC Fast,8,0,0.075,0,20
EV00030,Tesla Supercharger - San Francisco #10,San Francisco,Tesla DC Fast,8,0,0.034,0,21
EV00030,Tesla Supercharger - San Francisco #10,San Francisco,Tesla DC Fast,8,0,0.034,0,22
EV00030,Tesla Supercharger - San Francisco #10,San Francisco,Tesla DC Fast,8,0,0.033,0,23
EV00031,Electrify America - Denver #11,Denver,Hyper-Fast,6,0,0.02,0,0
EV00031,Electrify America - Denver #11,Denver,Hyper-Fast,6,0,0.02,0,1
EV00031,Electrify America - Denver #11,Denver,Hyper-Fast,6,0,0.02,0,2
EV00031,Electrify America - Denver #11,Denver,Hyper-Fast,2,0,0.025,0,3
EV00031,Electrify America - Denver #11,Denver,Hyper-Fast,6,0,0.02,0,4
EV00031,Electrify America - Denver #11,Denver,Hyper-Fast,6,0,0.027,0,5
EV00031,Electrify America - Denver #11,Denver,Hyper-Fast,2,0,0.128,0,6
EV00031,Electrify America - Denver #11,Denver,Hyper-Fast,4,2,0.363,0,7
EV00031,Electrify America - Denver #11,Denver,Hyper-Fast,2,4,0.668,0,8
EV00031,Electrify America - Denver #11,Denver,Hyper-Fast,2,4,0.774,0,9
EV00031,Electrify America - Denver #11,Denver,Hyper-Fast,2,4,0.76,0,10
EV00031,Electrify America - Denver #11,Denver,Hyper-Fast,2,4,0.831,0,11
EV00031,Electrify America - Denver #11,Denver,Hyper-Fast,1,5,0.924,0,12
EV00031,Electrify America - Denver #11,Denver,Hyper-Fast,1,5,0.91,0,13
EV00031,Electrify America - Denver #11,Denver,Hyper-Fast,0,0,0.905,16,14
EV00031,Electrify America - Denver #11,Denver,Hyper-Fast,1,5,0.858,0,15
EV00031,Electrify America - Denver #11,Denver,Hyper-Fast,2,4,0.669,0,16
EV00031,Electrify America - Denver #11,Denver,Hyper-Fast,5,1,0.308,0,17
EV00031,Electrify America - Denver #11,Denver,Hyper-Fast,6,0,0.147,0,18
EV00031,Electrify America - Denver #11,Denver,Hyper-Fast,6,0,0.098,0,19
EV00031,Electrify America - Denver #11,Denver,Hyper-Fast,6,0,0.05,0,20
EV00031,Electrify America - Denver #11,Denver,Hyper-Fast,6,0,0.04,0,21
EV00031,Electrify America - Denver #11,Denver,Hyper-Fast,3,0,0.021,0,22
EV00031,Electrify America - Denver #11,Denver,Hyper-Fast,6,0,0.02,0,23
EV00032,EVgo - Seattle #12,Seattle,DC Fast Charge,5,1,0.261,0,0
EV00032,EVgo - Seattle #12,Seattle,DC Fast Charge,0,0,0.217,16,1
EV00032,EVgo - Seattle #12,Seattle,DC Fast Charge,0,0,0.144,18,2
EV00032,EVgo - Seattle #12,Seattle,DC Fast Charge,6,0,0.122,0,3
EV00032,EVgo - Seattle #12,Seattle,DC Fast Charge,6,0,0.079,0,4
EV00032,EVgo - Seattle #12,Seattle,DC Fast Charge,6,0,0.141,0,5
EV00032,EVgo - Seattle #12,Seattle,DC Fast Charge,5,1,0.231,0,6
EV00032,EVgo - Seattle #12,Seattle,DC Fast Charge,5,1,0.313,0,7
EV00032,EVgo - Seattle #12,Seattle,DC Fast Charge,3,3,0.577,0,8
EV00032,EVgo - Seattle #12,Seattle,DC Fast Charge,2,4,0.745,0,9
EV00032,EVgo - Seattle #12,Seattle,DC Fast Charge,1,0,0.646,0,10
EV00032,EVgo - Seattle #12,Seattle,DC Fast Charge,2,4,0.742,0,11
EV00032,EVgo - Seattle #12,Seattle,DC Fast Charge,1,5,0.872,0,12
EV00032,EVgo - Seattle #12,Seattle,DC Fast Charge,1,5,0.865,0,13
EV00032,EVgo - Seattle #12,Seattle,DC Fast Charge,1,5,0.872,0,14
EV00032,EVgo - Seattle #12,Seattle,DC Fast Charge,3,3,0.611,0,15
EV00032,EVgo - Seattle #12,Seattle,DC Fast Charge,3,3,0.664,0,16
EV00032,EVgo - Seattle #12,Seattle,DC Fast Charge,1,5,0.893,0,17
EV00032,EVgo - Seattle #12,Seattle,DC Fast Charge,2,4,0.814,0,18
EV00032,EVgo - Seattle #12,Seattle,DC Fast Charge,2,4,0.692,0,19
EV00032,EVgo - Seattle #12,Seattle,DC Fast Charge,3,3,0.653,0,20
EV00032,EVgo - Seattle #12,Seattle,DC Fast Charge,3,3,0.613,0,21
EV00032,EVgo - Seattle #12,Seattle,DC Fast Charge,4,2,0.374,0,22
EV00032,EVgo - Seattle #12,Seattle,DC Fast Charge,4,2,0.342,0,23
EV00033,EVCS - Chicago #13,Chicago,Level 2,5,1,0.188,0,0
EV00033,EVCS - Chicago #13,Chicago,Level 2,6,0,0.128,0,1
EV00033,EVCS - Chicago #13,Chicago,Level 2,6,0,0.077,0,2
EV00033,EVCS - Chicago #13,Chicago,Level 2,6,0,0.059,0,3
EV00033,EVCS - Chicago #13,Chicago,Level 2,6,0,0.081,0,4
EV00033,EVCS - Chicago #13,Chicago,Level 2,6,0,0.092,0,5
EV00033,EVCS - Chicago #13,Chicago,Level 2,6,0,0.157,0,6
EV00033,EVCS - Chicago #13,Chicago,Level 2,5,1,0.246,0,7
EV00033,EVCS - Chicago #13,Chicago,Level 2,5,1,0.282,0,8
EV00033,EVCS - Chicago #13,Chicago,Level 2,4,2,0.386,0,9
EV00033,EVCS - Chicago #13,Chicago,Level 2,3,3,0.595,0,10
EV00033,EVCS - Chicago #13,Chicago,Level 2,4,2,0.423,0,11
EV00033,EVCS - Chicago #13,Chicago,Level 2,4,2,0.45,0,12
EV00033,EVCS - Chicago #13,Chicago,Level 2,3,3,0.623,0,13
EV00033,EVCS - Chicago #13,Chicago,Level 2,1,1,0.507,0,14
EV00033,EVCS - Chicago #13,Chicago,Level 2,3,3,0.565,0,15
EV00033,EVCS - Chicago #13,Chicago,Level 2,3,3,0.619,0,16
EV00033,EVCS - Chicago #13,Chicago,Level 2,3,3,0.555,0,17
EV00033,EVCS - Chicago #13,Chicago,Level 2,3,3,0.643,0,18
EV00033,EVCS - Chicago #13,Chicago,Level 2,3,3,0.514,0,19
EV00033,EVCS - Chicago #13,Chicago,Level 2,4,2,0.369,0,20
EV00033,EVCS - Chicago #13,Chicago,Level 2,4,2,0.406,0,21
EV00033,EVCS - Chicago #13,Chicago,Level 2,5,1,0.293,0,22
EV00033,EVCS - Chicago #13,Chicago,Level 2,5,1,0.185,0,23
EV00034,Blink - Seattle #14,Seattle,Level 2,7,1,0.188,0,0
EV00034,Blink - Seattle #14,Seattle,Level 2,8,0,0.099,0,1
EV00034,Blink - Seattle #14,Seattle,Level 2,0,0,0.062,67,2
EV00034,Blink - Seattle #14,Seattle,Level 2,8,0,0.04,0,3
EV00034,Blink - Seattle #14,Seattle,Level 2,8,0,0.069,0,4
EV00034,Blink - Seattle #14,Seattle,Level 2,7,1,0.152,0,5
EV00034,Blink - Seattle #14,Seattle,Level 2,6,2,0.271,0,6
EV00034,Blink - Seattle #14,Seattle,Level 2,3,5,0.717,0,7
EV00034,Blink - Seattle #14,Seattle,Level 2,4,4,0.61,0,8
EV00034,Blink - Seattle #14,Seattle,Level 2,1,0,0.779,0,9
EV00034,Blink - Seattle #14,Seattle,Level 2,4,4,0.589,0,10
EV00034,Blink - Seattle #14,Seattle,Level 2,1,7,0.958,0,11
EV00034,Blink - Seattle #14,Seattle,Level 2,2,6,0.833,0,12
EV00034,Blink - Seattle #14,Seattle,Level 2,2,6,0.86,0,13
EV00034,Blink - Seattle #14,Seattle,Level 2,2,6,0.762,0,14
EV00034,Blink - Seattle #14,Seattle,Level 2,3,5,0.741,0,15
EV00034,Blink - Seattle #14,Seattle,Level 2,1,7,0.98,0,16
EV00034,Blink - Seattle #14,Seattle,Level 2,1,7,0.98,0,17
EV00034,Blink - Seattle #14,Seattle,Level 2,2,6,0.869,0,18
EV00034,Blink - Seattle #14,Seattle,Level 2,2,6,0.75,0,19
EV00034,Blink - Seattle #14,Seattle,Level 2,5,3,0.495,0,20
EV00034,Blink - Seattle #14,Seattle,Level 2,2,2,0.522,0,21
EV00034,Blink - Seattle #14,Seattle,Level 2,6,2,0.367,0,22
EV00034,Blink - Seattle #14,Seattle,Level 2,6,2,0.289,0,23
EV00035,EVCS - Austin #15,Austin,Level 2,7,1,0.137,0,0
EV00035,EVCS - Austin #15,Austin,Level 2,8,0,0.082,0,1
EV00035,EVCS - Austin #15,Austin,Level 2,2,0,0.058,0,2
EV00035,EVCS - Austin #15,Austin,Level 2,8,0,0.038,0,3
EV00035,EVCS - Austin #15,Austin,Level 2,8,0,0.053,0,4
EV00035,EVCS - Austin #15,Austin,Level 2,8,0,0.113,0,5
EV00035,EVCS - Austin #15,Austin,Level 2,6,2,0.293,0,6
EV00035,EVCS - Austin #15,Austin,Level 2,2,2,0.584,0,7
EV00035,EVCS - Austin #15,Austin,Level 2,3,5,0.727,0,8
EV00035,EVCS - Austin #15,Austin,Level 2,4,4,0.556,0,9
EV00035,EVCS - Austin #15,Austin,Level 2,4,4,0.596,0,10
EV00035,EVCS - Austin #15,Austin,Level 2,2,6,0.761,0,11
EV00035,EVCS - Austin #15,Austin,Level 2,2,6,0.818,0,12
EV00035,EVCS - Austin #15,Austin,Level 2,4,4,0.529,0,13
EV00035,EVCS - Austin #15,Austin,Level 2,4,4,0.621,0,14
EV00035,EVCS - Austin #15,Austin,Level 2,2,2,0.514,0,15
EV00035,EVCS - Austin #15,Austin,Level 2,3,5,0.682,0,16
EV00035,EVCS - Austin #15,Austin,Level 2,1,7,0.98,0,17
EV00035,EVCS - Austin #15,Austin,Level 2,2,6,0.853,0,18
EV00035,EVCS - Austin #15,Austin,Level 2,2,6,0.807,0,19
EV00035,EVCS - Austin #15,Austin,Level 2,1,1,0.536,0,20
EV00035,EVCS - Austin #15,Austin,Level 2,5,3,0.436,0,21
EV00035,EVCS - Austin #15,Austin,Level 2,6,2,0.294,0,22
EV00035,EVCS - Austin #15,Austin,Level 2,7,1,0.194,0,23
EV00036,Shell Recharge - Atlanta #16,Atlanta,DC Fast Charge,7,1,0.21,0,0
EV00036,Shell Recharge - Atlanta #16,Atlanta,DC Fast Charge,7,1,0.207,0,1
EV00036,Shell Recharge - Atlanta #16,Atlanta,DC Fast Charge,7,1,0.203,0,2
EV00036,Shell Recharge - Atlanta #16,Atlanta,DC Fast Charge,7,1,0.23,0,3
EV00036,Shell Recharge - Atlanta #16,Atlanta,DC Fast Charge,7,1,0.181,0,4
EV00036,Shell Recharge - Atlanta #16,Atlanta,DC Fast Charge,7,1,0.151,0,5
EV00036,Shell Recharge - Atlanta #16,Atlanta,DC Fast Charge,8,0,0.084,0,6
EV00036,Shell Recharge - Atlanta #16,Atlanta,DC Fast Charge,8,0,0.073,0,7
EV00036,Shell Recharge - Atlanta #16,Atlanta,DC Fast Charge,8,0,0.032,0,8
EV00036,Shell Recharge - Atlanta #16,Atlanta,DC Fast Charge,8,0,0.036,0,9
EV00036,Shell Recharge - Atlanta #16,Atlanta,DC Fast Charge,8,0,0.068,0,10
EV00036,Shell Recharge - Atlanta #16,Atlanta,DC Fast Charge,8,0,0.093,0,11
EV00036,Shell Recharge - Atlanta #16,Atlanta,DC Fast Charge,8,0,0.106,0,12
EV00036,Shell Recharge - Atlanta #16,Atlanta,DC Fast Charge,1,0,0.102,0,13
EV00036,Shell Recharge - Atlanta #16,Atlanta,DC Fast Charge,8,0,0.068,0,14
EV00036,Shell Recharge - Atlanta #16,Atlanta,DC Fast Charge,8,0,0.122,0,15
EV00036,Shell Recharge - Atlanta #16,Atlanta,DC Fast Charge,7,1,0.175,0,16
EV00036,Shell Recharge - Atlanta #16,Atlanta,DC Fast Charge,7,1,0.193,0,17
EV00036,Shell Recharge - Atlanta #16,Atlanta,DC Fast Charge,6,2,0.347,0,18
EV00036,Shell Recharge - Atlanta #16,Atlanta,DC Fast Charge,3,5,0.653,0,19
EV00036,Shell Recharge - Atlanta #16,Atlanta,DC Fast Charge,4,4,0.526,0,20
EV00036,Shell Recharge - Atlanta #16,Atlanta,DC Fast Charge,3,5,0.634,0,21
EV00036,Shell Recharge - Atlanta #16,Atlanta,DC Fast Charge,5,3,0.381,0,22
EV00036,Shell Recharge - Atlanta #16,Atlanta,DC Fast Charge,5,3,0.378,0,23
EV00037,Electrify America - Portland #17,Portland,Hyper-Fast,4,0,0.21,0,0
EV00037,Electrify America - Portland #17,Portland,Hyper-Fast,4,0,0.145,0,1
EV00037,Electrify America - Portland #17,Portland,Hyper-Fast,4,0,0.148,0,2
EV00037,Electrify America - Portland #17,Portland,Hyper-Fast,4,0,0.074,0,3
EV00037,Electrify America - Portland #17,Portland,Hyper-Fast,4,0,0.088,0,4
EV00037,Electrify America - Portland #17,Portland,Hyper-Fast,0,0,0.134,19,5
EV00037,Electrify America - Portland #17,Portland,Hyper-Fast,4,0,0.178,0,6
EV00037,Electrify America - Portland #17,Portland,Hyper-Fast,4,0,0.231,0,7
EV00037,Electrify America - Portland #17,Portland,Hyper-Fast,2,2,0.54,0,8
EV00037,Electrify America - Portland #17,Portland,Hyper-Fast,0,0,0.74,12,9
EV00037,Electrify America - Portland #17,Portland,Hyper-Fast,2,2,0.727,0,10
EV00037,Electrify America - Portland #17,Portland,Hyper-Fast,2,2,0.649,0,11
EV00037,Electrify America - Portland #17,Portland,Hyper-Fast,2,2,0.56,0,12
EV00037,Electrify America - Portland #17,Portland,Hyper-Fast,2,2,0.626,0,13
EV00037,Electrify America - Portland #17,Portland,Hyper-Fast,1,3,0.77,0,14
EV00037,Electrify America - Portland #17,Portland,Hyper-Fast,2,2,0.544,0,15
EV00037,Electrify America - Portland #17,Portland,Hyper-Fast,0,0,0.771,18,16
EV00037,Electrify America - Portland #17,Portland,Hyper-Fast,1,3,0.963,0,17
EV00037,Electrify America - Portland #17,Portland,Hyper-Fast,1,3,0.757,0,18
EV00037,Electrify America - Portland #17,Portland,Hyper-Fast,1,3,0.762,0,19
EV00037,Electrify America - Portland #17,Portland,Hyper-Fast,3,1,0.427,0,20
EV00037,Electrify America - Portland #17,Portland,Hyper-Fast,3,1,0.402,0,21
EV00037,Electrify America - Portland #17,Portland,Hyper-Fast,3,1,0.299,0,22
EV00037,Electrify America - Portland #17,Portland,Hyper-Fast,3,1,0.356,0,23
EV00038,Electrify America - San Francisco #18,San Francisco,Hyper-Fast,8,0,0.032,0,0
EV00038,Electrify America - San Francisco #18,San Francisco,Hyper-Fast,8,0,0.035,0,1
EV00038,Electrify America - San Francisco #18,San Francisco,Hyper-Fast,8,0,0.043,0,2
EV00038,Electrify America - San Francisco #18,San Francisco,Hyper-Fast,8,0,0.038,0,3
EV00038,Electrify America - San Francisco #18,San Francisco,Hyper-Fast,8,0,0.026,0,4
EV00038,Electrify America - San Francisco #18,San Francisco,Hyper-Fast,8,0,0.048,0,5
EV00038,Electrify America - San Francisco #18,San Francisco,Hyper-Fast,7,1,0.148,0,6
EV00038,Electrify America - San Francisco #18,San Francisco,Hyper-Fast,5,3,0.421,0,7
EV00038,Electrify America - San Francisco #18,San Francisco,Hyper-Fast,1,7,0.98,0,8
EV00038,Electrify America - San Francisco #18,San Francisco,Hyper-Fast,1,7,0.962,0,9
EV00038,Electrify America - San Francisco #18,San Francisco,Hyper-Fast,1,7,0.98,0,10
EV00038,Electrify America - San Francisco #18,San Francisco,Hyper-Fast,1,7,0.98,0,11
EV00038,Electrify America - San Francisco #18,San Francisco,Hyper-Fast,1,7,0.98,0,12
EV00038,Electrify America - San Francisco #18,San Francisco,Hyper-Fast,1,7,0.98,0,13
EV00038,Electrify America - San Francisco #18,San Francisco,Hyper-Fast,0,0,0.98,26,14
EV00038,Electrify America - San Francisco #18,San Francisco,Hyper-Fast,1,7,0.98,0,15
EV00038,Electrify America - San Francisco #18,San Francisco,Hyper-Fast,1,2,0.686,0,16
EV00038,Electrify America - San Francisco #18,San Francisco,Hyper-Fast,2,0,0.498,0,17
EV00038,Electrify America - San Francisco #18,San Francisco,Hyper-Fast,7,1,0.201,0,18
EV00038,Electrify America - San Francisco #18,San Francisco,Hyper-Fast,7,1,0.171,0,19
EV00038,Electrify America - San Francisco #18,San Francisco,Hyper-Fast,8,0,0.063,0,20
EV00038,Electrify America - San Francisco #18,San Francisco,Hyper-Fast,0,0,0.052,10,21
EV00038,Electrify America - San Francisco #18,San Francisco,Hyper-Fast,5,0,0.032,0,22
EV00038,Electrify America - San Francisco #18,San Francisco,Hyper-Fast,8,0,0.029,0,23
EV00039,EVCS - Los Angeles #19,Los Angeles,DC Fast Charge,5,3,0.4,0,0
EV00039,EVCS - Los Angeles #19,Los Angeles,DC Fast Charge,5,3,0.445,0,1
EV00039,EVCS - Los Angeles #19,Los Angeles,DC Fast Charge,6,2,0.34,0,2
EV00039,EVCS - Los Angeles #19,Los Angeles,DC Fast Charge,5,3,0.394,0,3
EV00039,EVCS - Los Angeles #19,Los Angeles,DC Fast Charge,6,2,0.264,0,4
EV00039,EVCS - Los Angeles #19,Los Angeles,DC Fast Charge,7,1,0.16,0,5
EV00039,EVCS - Los Angeles #19,Los Angeles,DC Fast Charge,7,1,0.139,0,6
EV00039,EVCS - Los Angeles #19,Los Angeles,DC Fast Charge,8,0,0.096,0,7
EV00039,EVCS - Los Angeles #19,Los Angeles,DC Fast Charge,8,0,0.092,0,8
EV00039,EVCS - Los Angeles #19,Los Angeles,DC Fast Charge,8,0,0.067,0,9
EV00039,EVCS - Los Angeles #19,Los Angeles,DC Fast Charge,8,0,0.12,0,10
EV00039,EVCS - Los Angeles #19,Los Angeles,DC Fast Charge,7,1,0.183,0,11
EV00039,EVCS - Los Angeles #19,Los Angeles,DC Fast Charge,7,1,0.213,0,12
EV00039,EVCS - Los Angeles #19,Los Angeles,DC Fast Charge,7,1,0.158,0,13
EV00039,EVCS - Los Angeles #19,Los Angeles,DC Fast Charge,8,0,0.117,0,14
EV00039,EVCS - Los Angeles #19,Los Angeles,DC Fast Charge,7,1,0.189,0,15
EV00039,EVCS - Los Angeles #19,Los Angeles,DC Fast Charge,7,1,0.226,0,16
EV00039,EVCS - Los Angeles #19,Los Angeles,DC Fast Charge,4,4,0.556,0,17
EV00039,EVCS - Los Angeles #19,Los Angeles,DC Fast Charge,2,6,0.813,0,18
EV00039,EVCS - Los Angeles #19,Los Angeles,DC Fast Charge,1,7,0.966,0,19
EV00039,EVCS - Los Angeles #19,Los Angeles,DC Fast Charge,3,5,0.69,0,20
EV00039,EVCS - Los Angeles #19,Los Angeles,DC Fast Charge,3,5,0.727,0,21
EV00039,EVCS - Los Angeles #19,Los Angeles,DC Fast Charge,3,5,0.747,0,22
EV00039,EVCS - Los Angeles #19,Los Angeles,DC Fast Charge,4,4,0.539,0,23
EV00040,EVgo - Las Vegas #20,Las Vegas,DC Fast Charge,3,0,0.124,0,0
EV00040,EVgo - Las Vegas #20,Las Vegas,DC Fast Charge,15,1,0.088,0,1
EV00040,EVgo - Las Vegas #20,Las Vegas,DC Fast Charge,16,0,0.056,0,2
EV00040,EVgo - Las Vegas #20,Las Vegas,DC Fast Charge,16,0,0.045,0,3
EV00040,EVgo - Las Vegas #20,Las Vegas,DC Fast Charge,16,0,0.045,0,4
EV00040,EVgo - Las Vegas #20,Las Vegas,DC Fast Charge,15,1,0.109,0,5
EV00040,EVgo - Las Vegas #20,Las Vegas,DC Fast Charge,14,2,0.183,0,6
EV00040,EVgo - Las Vegas #20,Las Vegas,DC Fast Charge,9,7,0.455,0,7
EV00040,EVgo - Las Vegas #20,Las Vegas,DC Fast Charge,8,8,0.511,0,8
EV00040,EVgo - Las Vegas #20,Las Vegas,DC Fast Charge,10,6,0.415,0,9
EV00040,EVgo - Las Vegas #20,Las Vegas,DC Fast Charge,6,10,0.668,0,10
EV00040,EVgo - Las Vegas #20,Las Vegas,DC Fast Charge,8,8,0.542,0,11
EV00040,EVgo - Las Vegas #20,Las Vegas,DC Fast Charge,4,12,0.792,0,12
EV00040,EVgo - Las Vegas #20,Las Vegas,DC Fast Charge,7,9,0.615,0,13
EV00040,EVgo - Las Vegas #20,Las Vegas,DC Fast Charge,9,7,0.455,0,14
EV00040,EVgo - Las Vegas #20,Las Vegas,DC Fast Charge,8,8,0.552,0,15
EV00040,EVgo - Las Vegas #20,Las Vegas,DC Fast Charge,5,11,0.745,0,16
EV00040,EVgo - Las Vegas #20,Las Vegas,DC Fast Charge,0,0,0.98,11,17
EV00040,EVgo - Las Vegas #20,Las Vegas,DC Fast Charge,2,14,0.912,0,18
EV00040,EVgo - Las Vegas #20,Las Vegas,DC Fast Charge,6,10,0.627,0,19
EV00040,EVgo - Las Vegas #20,Las Vegas,DC Fast Charge,5,2,0.397,0,20
EV00040,EVgo - Las Vegas #20,Las Vegas,DC Fast Charge,5,4,0.473,0,21
EV00040,EVgo - Las Vegas #20,Las Vegas,DC Fast Charge,11,5,0.327,0,22
EV00040,EVgo - Las Vegas #20,Las Vegas,DC Fast Charge,12,4,0.268,0,23
EV00041,Volta - Denver #1,Denver,Level 2,6,0,0.026,0,0
EV00041,Volta - Denver #1,Denver,Level 2,6,0,0.023,0,1
EV00041,Volta - Denver #1,Denver,Level 2,6,0,0.02,0,2
EV00041,Volta - Denver #1,Denver,Level 2,6,0,0.02,0,3
EV00041,Volta - Denver #1,Denver,Level 2,6,0,0.026,0,4
EV00041,Volta - Denver #1,Denver,Level 2,6,0,0.024,0,5
EV00041,Volta - Denver #1,Denver,Level 2,6,0,0.099,0,6
EV00041,Volta - Denver #1,Denver,Level 2,5,1,0.297,0,7
EV00041,Volta - Denver #1,Denver,Level 2,1,5,0.927,0,8
EV00041,Volta - Denver #1,Denver,Level 2,1,5,0.977,0,9
EV00041,Volta - Denver #1,Denver,Level 2,1,5,0.98,0,10
EV00041,Volta - Denver #1,Denver,Level 2,1,5,0.98,0,11
EV00041,Volta - Denver #1,Denver,Level 2,0,0,0.98,80,12
EV00041,Volta - Denver #1,Denver,Level 2,1,5,0.977,0,13
EV00041,Volta - Denver #1,Denver,Level 2,1,5,0.979,0,14
EV00041,Volta - Denver #1,Denver,Level 2,1,5,0.928,0,15
EV00041,Volta - Denver #1,Denver,Level 2,3,3,0.534,0,16
EV00041,Volta - Denver #1,Denver,Level 2,4,2,0.371,0,17
EV00041,Volta - Denver #1,Denver,Level 2,4,0,0.17,0,18
EV00041,Volta - Denver #1,Denver,Level 2,6,0,0.07,0,19
EV00041,Volta - Denver #1,Denver,Level 2,6,0,0.056,0,20
EV00041,Volta - Denver #1,Denver,Level 2,6,0,0.037,0,21
EV00041,Volta - Denver #1,Denver,Level 2,6,0,0.02,0,22
EV00041,Volta - Denver #1,Denver,Level 2,6,0,0.026,0,23
EV00042,Electrify America - Chicago #2,Chicago,DC Fast Charge,0,0,0.139,26,0
EV00042,Electrify America - Chicago #2,Chicago,DC Fast Charge,10,0,0.059,0,1
EV00042,Electrify America - Chicago #2,Chicago,DC Fast Charge,10,0,0.039,0,2
EV00042,Electrify America - Chicago #2,Chicago,DC Fast Charge,0,0,0.032,18,3
EV00042,Electrify America - Chicago #2,Chicago,DC Fast Charge,10,0,0.053,0,4
EV00042,Electrify America - Chicago #2,Chicago,DC Fast Charge,10,0,0.088,0,5
EV00042,Electrify America - Chicago #2,Chicago,DC Fast Charge,3,1,0.263,0,6
EV00042,Electrify America - Chicago #2,Chicago,DC Fast Charge,6,4,0.473,0,7
EV00042,Electrify America - Chicago #2,Chicago,DC Fast Charge,5,5,0.536,0,8
EV00042,Electrify America - Chicago #2,Chicago,DC Fast Charge,6,4,0.493,0,9
EV00042,Electrify America - Chicago #2,Chicago,DC Fast Charge,6,4,0.415,0,10
EV00042,Electrify America - Chicago #2,Chicago,DC Fast Charge,6,4,0.424,0,11
EV00042,Electrify America - Chicago #2,Chicago,DC Fast Charge,3,7,0.72,0,12
EV00042,Electrify America - Chicago #2,Chicago,DC Fast Charge,5,5,0.519,0,13
EV00042,Electrify America - Chicago #2,Chicago,DC Fast Charge,5,5,0.553,0,14
EV00042,Electrify America - Chicago #2,Chicago,DC Fast Charge,4,6,0.635,0,15
EV00042,Electrify America - Chicago #2,Chicago,DC Fast Charge,5,5,0.555,0,16
EV00042,Electrify America - Chicago #2,Chicago,DC Fast Charge,3,7,0.785,0,17
EV00042,Electrify America - Chicago #2,Chicago,DC Fast Charge,5,5,0.578,0,18
EV00042,Electrify America - Chicago #2,Chicago,DC Fast Charge,6,4,0.462,0,19
EV00042,Electrify America - Chicago #2,Chicago,DC Fast Charge,6,4,0.491,0,20
EV00042,Electrify America - Chicago #2,Chicago,DC Fast Charge,6,4,0.406,0,21
EV00042,Electrify America - Chicago #2,Chicago,DC Fast Charge,8,2,0.276,0,22
EV00042,Electrify America - Chicago #2,Chicago,DC Fast Charge,9,1,0.191,0,23
EV00043,EVCS - Boston #3,Boston,DC Fast Charge,2,0,0.274,0,0
EV00043,EVCS - Boston #3,Boston,DC Fast Charge,0,0,0.177,22,1
EV00043,EVCS - Boston #3,Boston,DC Fast Charge,2,0,0.117,0,2
EV00043,EVCS - Boston #3,Boston,DC Fast Charge,0,0,0.078,9,3
EV00043,EVCS - Boston #3,Boston,DC Fast Charge,2,0,0.082,0,4
EV00043,EVCS - Boston #3,Boston,DC Fast Charge,2,0,0.135,0,5
EV00043,EVCS - Boston #3,Boston,DC Fast Charge,2,0,0.192,0,6
EV00043,EVCS - Boston #3,Boston,DC Fast Charge,0,0,0.213,18,7
EV00043,EVCS - Boston #3,Boston,DC Fast Charge,1,1,0.505,0,8
EV00043,EVCS - Boston #3,Boston,DC Fast Charge,1,1,0.517,0,9
EV00043,EVCS - Boston #3,Boston,DC Fast Charge,1,1,0.582,0,10
EV00043,EVCS - Boston #3,Boston,DC Fast Charge,0,0,0.627,15,11
EV00043,EVCS - Boston #3,Boston,DC Fast Charge,1,1,0.516,0,12
EV00043,EVCS - Boston #3,Boston,DC Fast Charge,1,1,0.773,0,13
EV00043,EVCS - Boston #3,Boston,DC Fast Charge,1,1,0.637,0,14
EV00043,EVCS - Boston #3,Boston,DC Fast Charge,1,1,0.619,0,15
EV00043,EVCS - Boston #3,Boston,DC Fast Charge,1,1,0.82,0,16
EV00043,EVCS - Boston #3,Boston,DC Fast Charge,1,1,0.886,0,17
EV00043,EVCS - Boston #3,Boston,DC Fast Charge,1,1,0.655,0,18
EV00043,EVCS - Boston #3,Boston,DC Fast Charge,1,1,0.725,0,19
EV00043,EVCS - Boston #3,Boston,DC Fast Charge,2,0,0.377,0,20
EV00043,EVCS - Boston #3,Boston,DC Fast Charge,0,0,0.316,12,21
EV00043,EVCS - Boston #3,Boston,DC Fast Charge,2,0,0.397,0,22
EV00043,EVCS - Boston #3,Boston,DC Fast Charge,0,0,0.325,25,23
EV00044,Volta - Boston #4,Boston,Level 2,4,0,0.092,0,0
EV00044,Volta - Boston #4,Boston,Level 2,4,0,0.044,0,1
EV00044,Volta - Boston #4,Boston,Level 2,4,0,0.037,0,2
EV00044,Volta - Boston #4,Boston,Level 2,4,0,0.022,0,3
EV00044,Volta - Boston #4,Boston,Level 2,4,0,0.021,0,4
EV00044,Volta - Boston #4,Boston,Level 2,4,0,0.056,0,5
EV00044,Volta - Boston #4,Boston,Level 2,4,0,0.124,0,6
EV00044,Volta - Boston #4,Boston,Level 2,4,0,0.219,0,7
EV00044,Volta - Boston #4,Boston,Level 2,3,1,0.395,0,8
EV00044,Volta - Boston #4,Boston,Level 2,2,2,0.576,0,9
EV00044,Volta - Boston #4,Boston,Level 2,0,0,0.427,78,10
EV00044,Volta - Boston #4,Boston,Level 2,1,3,0.813,0,11
EV00044,Volta - Boston #4,Boston,Level 2,1,3,0.87,0,12
EV00044,Volta - Boston #4,Boston,Level 2,1,3,0.914,0,13
EV00044,Volta - Boston #4,Boston,Level 2,2,2,0.738,0,14
EV00044,Volta - Boston #4,Boston,Level 2,2,2,0.529,0,15
EV00044,Volta - Boston #4,Boston,Level 2,0,0,0.632,45,16
EV00044,Volta - Boston #4,Boston,Level 2,2,2,0.674,0,17
EV00044,Volta - Boston #4,Boston,Level 2,2,2,0.685,0,18
EV00044,Volta - Boston #4,Boston,Level 2,1,3,0.894,0,19
EV00044,Volta - Boston #4,Boston,Level 2,1,3,0.903,0,20
EV00044,Volta - Boston #4,Boston,Level 2,2,2,0.572,0,21
EV00044,Volta - Boston #4,Boston,Level 2,3,1,0.343,0,22
EV00044,Volta - Boston #4,Boston,Level 2,4,0,0.195,0,23
EV00045,Shell Recharge - Los Angeles #5,Los Angeles,DC Fast Charge,7,1,0.187,0,0
EV00045,Shell Recharge - Los Angeles #5,Los Angeles,DC Fast Charge,8,0,0.058,0,1
EV00045,Shell Recharge - Los Angeles #5,Los Angeles,DC Fast Charge,8,0,0.037,0,2
EV00045,Shell Recharge - Los Angeles #5,Los Angeles,DC Fast Charge,8,0,0.027,0,3
EV00045,Shell Recharge - Los Angeles #5,Los Angeles,DC Fast Charge,8,0,0.028,0,4
EV00045,Shell Recharge - Los Angeles #5,Los Angeles,DC Fast Charge,8,0,0.073,0,5
EV00045,Shell Recharge - Los Angeles #5,Los Angeles,DC Fast Charge,7,1,0.152,0,6
EV00045,Shell Recharge - Los Angeles #5,Los Angeles,DC Fast Charge,3,1,0.36,0,7
EV00045,Shell Recharge - Los Angeles #5,Los Angeles,DC Fast Charge,4,4,0.521,0,8
EV00045,Shell Recharge - Los Angeles #5,Los Angeles,DC Fast Charge,1,2,0.674,0,9
EV00045,Shell Recharge - Los Angeles #5,Los Angeles,DC Fast Charge,2,6,0.816,0,10
EV00045,Shell Recharge - Los Angeles #5,Los Angeles,DC Fast Charge,3,5,0.694,0,11
EV00045,Shell Recharge - Los Angeles #5,Los Angeles,DC Fast Charge,1,0,0.98,0,12
EV00045,Shell Recharge - Los Angeles #5,Los Angeles,DC Fast Charge,1,7,0.98,0,13
EV00045,Shell Recharge - Los Angeles #5,Los Angeles,DC Fast Charge,3,5,0.659,0,14
EV00045,Shell Recharge - Los Angeles #5,Los Angeles,DC Fast Charge,2,6,0.781,0,15
EV00045,Shell Recharge - Los Angeles #5,Los Angeles,DC Fast Charge,2,6,0.834,0,16
EV00045,Shell Recharge - Los Angeles #5,Los Angeles,DC Fast Charge,0,0,0.98,12,17
EV00045,Shell Recharge - Los Angeles #5,Los Angeles,DC Fast Charge,1,7,0.98,0,18
EV00045,Shell Recharge - Los Angeles #5,Los Angeles,DC Fast Charge,1,7,0.98,0,19
EV00045,Shell Recharge - Los Angeles #5,Los Angeles,DC Fast Charge,0,0,0.98,21,20
EV00045,Shell Recharge - Los Angeles #5,Los Angeles,DC Fast Charge,3,5,0.681,0,21
EV00045,Shell Recharge - Los Angeles #5,Los Angeles,DC Fast Charge,5,3,0.475,0,22
EV00045,Shell Recharge - Los Angeles #5,Los Angeles,DC Fast Charge,6,2,0.3,0,23
EV00046,EVCS - Phoenix #6,Phoenix,DC Fast Charge,5,1,0.254,0,0
EV00046,EVCS - Phoenix #6,Phoenix,DC Fast Charge,6,0,0.137,0,1
EV00046,EVCS - Phoenix #6,Phoenix,DC Fast Charge,6,0,0.101,0,2
EV00046,EVCS - Phoenix #6,Phoenix,DC Fast Charge,0,0,0.087,10,3
EV00046,EVCS - Phoenix #6,Phoenix,DC Fast Charge,6,0,0.068,0,4
EV00046,EVCS - Phoenix #6,Phoenix,DC Fast Charge,6,0,0.077,0,5
EV00046,EVCS - Phoenix #6,Phoenix,DC Fast Charge,6,0,0.105,0,6
EV00046,EVCS - Phoenix #6,Phoenix,DC Fast Charge,5,1,0.224,0,7
EV00046,EVCS - Phoenix #6,Phoenix,DC Fast Charge,5,1,0.277,0,8
EV00046,EVCS - Phoenix #6,Phoenix,DC Fast Charge,3,3,0.595,0,9
EV00046,EVCS - Phoenix #6,Phoenix,DC Fast Charge,3,3,0.523,0,10
EV00046,EVCS - Phoenix #6,Phoenix,DC Fast Charge,4,2,0.489,0,11
EV00046,EVCS - Phoenix #6,Phoenix,DC Fast Charge,3,3,0.635,0,12
EV00046,EVCS - Phoenix #6,Phoenix,DC Fast Charge,3,3,0.624,0,13
EV00046,EVCS - Phoenix #6,Phoenix,DC Fast Charge,0,0,0.467,23,14
EV00046,EVCS - Phoenix #6,Phoenix,DC Fast Charge,4,2,0.44,0,15
EV00046,EVCS - Phoenix #6,Phoenix,DC Fast Charge,2,4,0.688,0,16
EV00046,EVCS - Phoenix #6,Phoenix,DC Fast Charge,3,3,0.565,0,17
EV00046,EVCS - Phoenix #6,Phoenix,DC Fast Charge,2,4,0.668,0,18
EV00046,EVCS - Phoenix #6,Phoenix,DC Fast Charge,2,1,0.599,0,19
EV00046,EVCS - Phoenix #6,Phoenix,DC Fast Charge,0,0,0.442,25,20
EV00046,EVCS - Phoenix #6,Phoenix,DC Fast Charge,5,1,0.306,0,21
EV00046,EVCS - Phoenix #6,Phoenix,DC Fast Charge,5,1,0.239,0,22
EV00046,EVCS - Phoenix #6,Phoenix,DC Fast Charge,5,1,0.255,0,23
EV00047,Volta - Denver #7,Denver,Level 2,4,0,0.02,0,0
EV00047,Volta - Denver #7,Denver,Level 2,4,0,0.024,0,1
EV00047,Volta - Denver #7,Denver,Level 2,4,0,0.026,0,2
EV00047,Volta - Denver #7,Denver,Level 2,4,0,0.026,0,3
EV00047,Volta - Denver #7,Denver,Level 2,4,0,0.024,0,4
EV00047,Volta - Denver #7,Denver,Level 2,4,0,0.028,0,5
EV00047,Volta - Denver #7,Denver,Level 2,4,0,0.121,0,6
EV00047,Volta - Denver #7,Denver,Level 2,3,1,0.327,0,7
EV00047,Volta - Denver #7,Denver,Level 2,1,3,0.776,0,8
EV00047,Volta - Denver #7,Denver,Level 2,1,3,0.98,0,9
EV00047,Volta - Denver #7,Denver,Level 2,1,3,0.976,0,10
EV00047,Volta - Denver #7,Denver,Level 2,1,3,0.98,0,11
EV00047,Volta - Denver #7,Denver,Level 2,1,3,0.98,0,12
EV00047,Volta - Denver #7,Denver,Level 2,1,3,0.98,0,13
EV00047,Volta - Denver #7,Denver,Level 2,1,3,0.792,0,14
EV00047,Volta - Denver #7,Denver,Level 2,1,3,0.775,0,15
EV00047,Volta - Denver #7,Denver,Level 2,1,3,0.769,0,16
EV00047,Volta - Denver #7,Denver,Level 2,0,0,0.305,121,17
EV00047,Volta - Denver #7,Denver,Level 2,4,0,0.167,0,18
EV00047,Volta - Denver #7,Denver,Level 2,4,0,0.079,0,19
EV00047,Volta - Denver #7,Denver,Level 2,4,0,0.065,0,20
EV00047,Volta - Denver #7,Denver,Level 2,4,0,0.034,0,21
EV00047,Volta - Denver #7,Denver,Level 2,4,0,0.02,0,22
EV00047,Volta - Denver #7,Denver,Level 2,4,0,0.02,0,23
EV00048,Electrify America - San Francisco #8,San Francisco,DC Fast Charge,9,3,0.264,0,0
EV00048,Electrify America - San Francisco #8,San Francisco,DC Fast Charge,9,3,0.252,0,1
EV00048,Electrify America - San Francisco #8,San Francisco,DC Fast Charge,11,1,0.123,0,2
EV00048,Electrify America - San Francisco #8,San Francisco,DC Fast Charge,11,1,0.116,0,3
EV00048,Electrify America - San Francisco #8,San Francisco,DC Fast Charge,11,1,0.134,0,4
EV00048,Electrify America - San Francisco #8,San Francisco,DC Fast Charge,10,2,0.201,0,5
EV00048,Electrify America - San Francisco #8,San Francisco,DC Fast Charge,10,2,0.248,0,6
EV00048,Electrify America - San Francisco #8,San Francisco,DC Fast Charge,6,6,0.511,0,7
EV00048,Electrify America - San Francisco #8,San Francisco,DC Fast Charge,6,6,0.579,0,8
EV00048,Electrify America - San Francisco #8,San Francisco,DC Fast Charge,1,11,0.929,0,9
EV00048,Electrify America - San Francisco #8,San Francisco,DC Fast Charge,3,9,0.778,0,10
EV00048,Electrify America - San Francisco #8,San Francisco,DC Fast Charge,4,8,0.749,0,11
EV00048,Electrify America - San Francisco #8,San Francisco,DC Fast Charge,1,11,0.977,0,12
EV00048,Electrify America - San Francisco #8,San Francisco,DC Fast Charge,1,11,0.963,0,13
EV00048,Electrify America - San Francisco #8,San Francisco,DC Fast Charge,1,11,0.98,0,14
EV00048,Electrify America - San Francisco #8,San Francisco,DC Fast Charge,3,9,0.821,0,15
EV00048,Electrify America - San Francisco #8,San Francisco,DC Fast Charge,1,11,0.98,0,16
EV00048,Electrify America - San Francisco #8,San Francisco,DC Fast Charge,3,9,0.758,0,17
EV00048,Electrify America - San Francisco #8,San Francisco,DC Fast Charge,3,9,0.809,0,18
EV00048,Electrify America - San Francisco #8,San Francisco,DC Fast Charge,2,10,0.862,0,19
EV00048,Electrify America - San Francisco #8,San Francisco,DC Fast Charge,4,8,0.734,0,20
EV00048,Electrify America - San Francisco #8,San Francisco,DC Fast Charge,6,6,0.529,0,21
EV00048,Electrify America - San Francisco #8,San Francisco,DC Fast Charge,7,5,0.442,0,22
EV00048,Electrify America - San Francisco #8,San Francisco,DC Fast Charge,9,3,0.332,0,23
EV00049,Volta - Boston #9,Boston,Level 2,8,0,0.025,0,0
EV00049,Volta - Boston #9,Boston,Level 2,8,0,0.02,0,1
EV00049,Volta - Boston #9,Boston,Level 2,8,0,0.023,0,2
EV00049,Volta - Boston #9,Boston,Level 2,0,0,0.025,96,3
EV00049,Volta - Boston #9,Boston,Level 2,8,0,0.025,0,4
EV00049,Volta - Boston #9,Boston,Level 2,8,0,0.039,0,5
EV00049,Volta - Boston #9,Boston,Level 2,3,0,0.112,0,6
EV00049,Volta - Boston #9,Boston,Level 2,5,3,0.48,0,7
EV00049,Volta - Boston #9,Boston,Level 2,4,4,0.583,0,8
EV00049,Volta - Boston #9,Boston,Level 2,0,0,0.821,118,9
EV00049,Volta - Boston #9,Boston,Level 2,2,6,0.855,0,10
EV00049,Volta - Boston #9,Boston,Level 2,1,7,0.98,0,11
EV00049,Volta - Boston #9,Boston,Level 2,1,3,0.939,0,12
EV00049,Volta - Boston #9,Boston,Level 2,2,6,0.858,0,13
EV00049,Volta - Boston #9,Boston,Level 2,1,0,0.922,0,14
EV00049,Volta - Boston #9,Boston,Level 2,1,7,0.974,0,15
EV00049,Volta - Boston #9,Boston,Level 2,3,5,0.691,0,16
EV00049,Volta - Boston #9,Boston,Level 2,0,0,0.45,92,17
EV00049,Volta - Boston #9,Boston,Level 2,7,1,0.162,0,18
EV00049,Volta - Boston #9,Boston,Level 2,8,0,0.105,0,19
EV00049,Volta - Boston #9,Boston,Level 2,8,0,0.044,0,20
EV00049,Volta - Boston #9,Boston,Level 2,8,0,0.038,0,21
EV00049,Volta - Boston #9,Boston,Level 2,0,0,0.027,132,22
EV00049,Volta - Boston #9,Boston,Level 2,8,0,0.024,0,23
EV00050,Electrify America - San Francisco #10,San Francisco,DC Fast Charge,4,0,0.146,0,0
EV00050,Electrify America - San Francisco #10,San Francisco,DC Fast Charge,0,0,0.066,12,1
EV00050,Electrify America - San Francisco #10,San Francisco,DC Fast Charge,4,0,0.051,0,2
EV00050,Electrify America - San Francisco #10,San Francisco,DC Fast Charge,4,0,0.034,0,3
EV00050,Electrify America - San Francisco #10,San Francisco,DC Fast Charge,4,0,0.035,0,4
EV00050,Electrify America - San Francisco #10,San Francisco,DC Fast Charge,4,0,0.084,0,5
EV00050,Electrify America - San Francisco #10,San Francisco,DC Fast Charge,4,0,0.191,0,6
EV00050,Electrify America - San Francisco #10,San Francisco,DC Fast Charge,3,1,0.342,0,7
EV00050,Electrify America - San Francisco #10,San Francisco,DC Fast Charge,2,2,0.544,0,8
EV00050,Electrify America - San Francisco #10,San Francisco,DC Fast Charge,0,0,0.93,21,9
EV00050,Electrify America - San Francisco #10,San Francisco,DC Fast Charge,1,3,0.98,0,10
EV00050,Electrify America - San Francisco #10,San Francisco,DC Fast Charge,1,3,0.98,0,11
EV00050,Electrify America - San Francisco #10,San Francisco,DC Fast Charge,1,3,0.98,0,12
EV00050,Electrify America - San Francisco #10,San Francisco,DC Fast Charge,1,3,0.98,0,13
EV00050,Electrify America - San Francisco #10,San Francisco,DC Fast Charge,1,3,0.98,0,14
EV00050,Electrify America - San Francisco #10,San Francisco,DC Fast Charge,1,3,0.778,0,15
EV00050,Electrify America - San Francisco #10,San Francisco,DC Fast Charge,2,2,0.734,0,16
EV00050,Electrify America - San Francisco #10,San Francisco,DC Fast Charge,1,3,0.862,0,17
EV00050,Electrify America - San Francisco #10,San Francisco,DC Fast Charge,1,3,0.98,0,18
EV00050,Electrify America - San Francisco #10,San Francisco,DC Fast Charge,1,3,0.98,0,19
EV00050,Electrify America - San Francisco #10,San Francisco,DC Fast Charge,1,3,0.98,0,20
EV00050,Electrify America - San Francisco #10,San Francisco,DC Fast Charge,1,3,0.938,0,21
EV00050,Electrify America - San Francisco #10,San Francisco,DC Fast Charge,3,1,0.41,0,22
EV00050,Electrify America - San Francisco #10,San Francisco,DC Fast Charge,3,1,0.311,0,23
EV00051,ChargePoint - Las Vegas #11,Las Vegas,Level 2,8,0,0.099,0,0
EV00051,ChargePoint - Las Vegas #11,Las Vegas,Level 2,0,0,0.048,81,1
EV00051,ChargePoint - Las Vegas #11,Las Vegas,Level 2,8,0,0.038,0,2
EV00051,ChargePoint - Las Vegas #11,Las Vegas,Level 2,3,0,0.02,0,3
EV00051,ChargePoint - Las Vegas #11,Las Vegas,Level 2,8,0,0.021,0,4
EV00051,ChargePoint - Las Vegas #11,Las Vegas,Level 2,8,0,0.048,0,5
EV00051,ChargePoint - Las Vegas #11,Las Vegas,Level 2,8,0,0.119,0,6
EV00051,ChargePoint - Las Vegas #11,Las Vegas,Level 2,6,2,0.261,0,7
EV00051,ChargePoint - Las Vegas #11,Las Vegas,Level 2,4,4,0.537,0,8
EV00051,ChargePoint - Las Vegas #11,Las Vegas,Level 2,4,4,0.538,0,9
EV00051,ChargePoint - Las Vegas #11,Las Vegas,Level 2,3,5,0.716,0,10
EV00051,ChargePoint - Las Vegas #11,Las Vegas,Level 2,1,7,0.934,0,11
EV00051,ChargePoint - Las Vegas #11,Las Vegas,Level 2,2,6,0.77,0,12
EV00051,ChargePoint - Las Vegas #11,Las Vegas,Level 2,2,6,0.817,0,13
EV00051,ChargePoint - Las Vegas #11,Las Vegas,Level 2,3,5,0.695,0,14
EV00051,ChargePoint - Las Vegas #11,Las Vegas,Level 2,4,4,0.553,0,15
EV00051,ChargePoint - Las Vegas #11,Las Vegas,Level 2,4,4,0.614,0,16
EV00051,ChargePoint - Las Vegas #11,Las Vegas,Level 2,4,4,0.541,0,17
EV00051,ChargePoint - Las Vegas #11,Las Vegas,Level 2,1,7,0.94,0,18
EV00051,ChargePoint - Las Vegas #11,Las Vegas,Level 2,3,5,0.725,0,19
EV00051,ChargePoint - Las Vegas #11,Las Vegas,Level 2,2,6,0.767,0,20
EV00051,ChargePoint - Las Vegas #11,Las Vegas,Level 2,5,3,0.488,0,21
EV00051,ChargePoint - Las Vegas #11,Las Vegas,Level 2,6,2,0.375,0,22
EV00051,ChargePoint - Las Vegas #11,Las Vegas,Level 2,0,0,0.238,65,23
EV00052,Blink - Boston #12,Boston,Level 2,3,1,0.274,0,0
EV00052,Blink - Boston #12,Boston,Level 2,4,0,0.13,0,1
EV00052,Blink - Boston #12,Boston,Level 2,4,0,0.117,0,2
EV00052,Blink - Boston #12,Boston,Level 2,4,0,0.072,0,3
EV00052,Blink - Boston #12,Boston,Level 2,4,0,0.1,0,4
EV00052,Blink - Boston #12,Boston,Level 2,4,0,0.13,0,5
EV00052,Blink - Boston #12,Boston,Level 2,4,0,0.156,0,6
EV00052,Blink - Boston #12,Boston,Level 2,1,0,0.338,0,7
EV00052,Blink - Boston #12,Boston,Level 2,2,2,0.514,0,8
EV00052,Blink - Boston #12,Boston,Level 2,0,0,0.427,121,9
EV00052,Blink - Boston #12,Boston,Level 2,0,0,0.463,133,10
EV00052,Blink - Boston #12,Boston,Level 2,1,3,0.771,0,11
EV00052,Blink - Boston #12,Boston,Level 2,2,2,0.68,0,12
EV00052,Blink - Boston #12,Boston,Level 2,2,2,0.681,0,13
EV00052,Blink - Boston #12,Boston,Level 2,2,2,0.632,0,14
EV00052,Blink - Boston #12,Boston,Level 2,2,2,0.659,0,15
EV00052,Blink - Boston #12,Boston,Level 2,2,2,0.723,0,16
EV00052,Blink - Boston #12,Boston,Level 2,2,2,0.691,0,17
EV00052,Blink - Boston #12,Boston,Level 2,2,2,0.634,0,18
EV00052,Blink - Boston #12,Boston,Level 2,2,2,0.736,0,19
EV00052,Blink - Boston #12,Boston,Level 2,2,2,0.605,0,20
EV00052,Blink - Boston #12,Boston,Level 2,3,1,0.388,0,21
EV00052,Blink - Boston #12,Boston,Level 2,3,1,0.334,0,22
EV00052,Blink - Boston #12,Boston,Level 2,1,0,0.34,0,23
EV00053,Tesla Supercharger - Portland #13,Portland,Tesla DC Fast,1,0,0.149,0,0
EV00053,Tesla Supercharger - Portland #13,Portland,Tesla DC Fast,8,0,0.057,0,1
EV00053,Tesla Supercharger - Portland #13,Portland,Tesla DC Fast,8,0,0.032,0,2
EV00053,Tesla Supercharger - Portland #13,Portland,Tesla DC Fast,8,0,0.02,0,3
EV00053,Tesla Supercharger - Portland #13,Portland,Tesla DC Fast,8,0,0.021,0,4
EV00053,Tesla Supercharger - Portland #13,Portland,Tesla DC Fast,2,0,0.063,0,5
EV00053,Tesla Supercharger - Portland #13,Portland,Tesla DC Fast,7,1,0.129,0,6
EV00053,Tesla Supercharger - Portland #13,Portland,Tesla DC Fast,6,2,0.368,0,7
EV00053,Tesla Supercharger - Portland #13,Portland,Tesla DC Fast,4,4,0.515,0,8
EV00053,Tesla Supercharger - Portland #13,Portland,Tesla DC Fast,4,4,0.619,0,9
EV00053,Tesla Supercharger - Portland #13,Portland,Tesla DC Fast,3,5,0.69,0,10
EV00053,Tesla Supercharger - Portland #13,Portland,Tesla DC Fast,0,0,0.98,17,11
EV00053,Tesla Supercharger - Portland #13,Portland,Tesla DC Fast,3,5,0.706,0,12
EV00053,Tesla Supercharger - Portland #13,Portland,Tesla DC Fast,1,7,0.951,0,13
EV00053,Tesla Supercharger - Portland #13,Portland,Tesla DC Fast,3,5,0.701,0,14
EV00053,Tesla Supercharger - Portland #13,Portland,Tesla DC Fast,3,5,0.713,0,15
EV00053,Tesla Supercharger - Portland #13,Portland,Tesla DC Fast,2,3,0.758,0,16
EV00053,Tesla Supercharger - Portland #13,Portland,Tesla DC Fast,2,6,0.789,0,17
EV00053,Tesla Supercharger - Portland #13,Portland,Tesla DC Fast,3,5,0.719,0,18
EV00053,Tesla Supercharger - Portland #13,Portland,Tesla DC Fast,1,0,0.826,0,19
EV00053,Tesla Supercharger - Portland #13,Portland,Tesla DC Fast,3,5,0.675,0,20
EV00053,Tesla Supercharger - Portland #13,Portland,Tesla DC Fast,3,5,0.717,0,21
EV00053,Tesla Supercharger - Portland #13,Portland,Tesla DC Fast,6,2,0.321,0,22
EV00053,Tesla Supercharger - Portland #13,Portland,Tesla DC Fast,6,2,0.275,0,23
EV00054,Volta - Miami #14,Miami,Level 2,9,1,0.154,0,0
EV00054,Volta - Miami #14,Miami,Level 2,9,1,0.131,0,1
EV00054,Volta - Miami #14,Miami,Level 2,3,0,0.105,0,2
EV00054,Volta - Miami #14,Miami,Level 2,10,0,0.083,0,3
EV00054,Volta - Miami #14,Miami,Level 2,10,0,0.058,0,4
EV00054,Volta - Miami #14,Miami,Level 2,10,0,0.079,0,5
EV00054,Volta - Miami #14,Miami,Level 2,9,1,0.125,0,6
EV00054,Volta - Miami #14,Miami,Level 2,9,1,0.172,0,7
EV00054,Volta - Miami #14,Miami,Level 2,0,0,0.364,49,8
EV00054,Volta - Miami #14,Miami,Level 2,7,3,0.365,0,9
EV00054,Volta - Miami #14,Miami,Level 2,6,4,0.439,0,10
EV00054,Volta - Miami #14,Miami,Level 2,5,5,0.552,0,11
EV00054,Volta - Miami #14,Miami,Level 2,6,4,0.479,0,12
EV00054,Volta - Miami #14,Miami,Level 2,5,5,0.581,0,13
EV00054,Volta - Miami #14,Miami,Level 2,6,4,0.406,0,14
EV00054,Volta - Miami #14,Miami,Level 2,6,4,0.487,0,15
EV00054,Volta - Miami #14,Miami,Level 2,6,4,0.446,0,16
EV00054,Volta - Miami #14,Miami,Level 2,6,4,0.484,0,17
EV00054,Volta - Miami #14,Miami,Level 2,4,6,0.643,0,18
EV00054,Volta - Miami #14,Miami,Level 2,4,6,0.624,0,19
EV00054,Volta - Miami #14,Miami,Level 2,6,4,0.475,0,20
EV00054,Volta - Miami #14,Miami,Level 2,8,2,0.245,0,21
EV00054,Volta - Miami #14,Miami,Level 2,8,2,0.257,0,22
EV00054,Volta - Miami #14,Miami,Level 2,8,2,0.232,0,23
EV00055,Blink - Chicago #15,Chicago,Level 2,6,0,0.073,0,0
EV00055,Blink - Chicago #15,Chicago,Level 2,6,0,0.042,0,1
EV00055,Blink - Chicago #15,Chicago,Level 2,6,0,0.021,0,2
EV00055,Blink - Chicago #15,Chicago,Level 2,1,0,0.02,0,3
EV00055,Blink - Chicago #15,Chicago,Level 2,0,0,0.021,52,4
EV00055,Blink - Chicago #15,Chicago,Level 2,6,0,0.047,0,5
EV00055,Blink - Chicago #15,Chicago,Level 2,0,0,0.094,110,6
EV00055,Blink - Chicago #15,Chicago,Level 2,0,0,0.174,80,7
EV00055,Blink - Chicago #15,Chicago,Level 2,4,2,0.392,0,8
EV00055,Blink - Chicago #15,Chicago,Level 2,3,3,0.506,0,9
EV00055,Blink - Chicago #15,Chicago,Level 2,3,3,0.5,0,10
EV00055,Blink - Chicago #15,Chicago,Level 2,2,4,0.68,0,11
EV00055,Blink - Chicago #15,Chicago,Level 2,2,4,0.818,0,12
EV00055,Blink - Chicago #15,Chicago,Level 2,1,1,0.612,0,13
EV00055,Blink - Chicago #15,Chicago,Level 2,0,0,0.477,87,14
EV00055,Blink - Chicago #15,Chicago,Level 2,3,3,0.612,0,15
EV00055,Blink - Chicago #15,Chicago,Level 2,4,2,0.418,0,16
EV00055,Blink - Chicago #15,Chicago,Level 2,4,2,0.495,0,17
EV00055,Blink - Chicago #15,Chicago,Level 2,3,3,0.537,0,18
EV00055,Blink - Chicago #15,Chicago,Level 2,0,0,0.898,61,19
EV00055,Blink - Chicago #15,Chicago,Level 2,3,3,0.541,0,20
EV00055,Blink - Chicago #15,Chicago,Level 2,4,2,0.438,0,21
EV00055,Blink - Chicago #15,Chicago,Level 2,5,1,0.282,0,22
EV00055,Blink - Chicago #15,Chicago,Level 2,5,1,0.171,0,23
EV00056,Blink - Boston #16,Boston,DC Fast Charge,4,0,0.203,0,0
EV00056,Blink - Boston #16,Boston,DC Fast Charge,4,0,0.152,0,1
EV00056,Blink - Boston #16,Boston,DC Fast Charge,4,0,0.133,0,2
EV00056,Blink - Boston #16,Boston,DC Fast Charge,4,0,0.079,0,3
EV00056,Blink - Boston #16,Boston,DC Fast Charge,4,0,0.099,0,4
EV00056,Blink - Boston #16,Boston,DC Fast Charge,4,0,0.13,0,5
EV00056,Blink - Boston #16,Boston,DC Fast Charge,4,0,0.185,0,6
EV00056,Blink - Boston #16,Boston,DC Fast Charge,3,1,0.343,0,7
EV00056,Blink - Boston #16,Boston,DC Fast Charge,3,1,0.39,0,8
EV00056,Blink - Boston #16,Boston,DC Fast Charge,2,2,0.515,0,9
EV00056,Blink - Boston #16,Boston,DC Fast Charge,2,2,0.647,0,10
EV00056,Blink - Boston #16,Boston,DC Fast Charge,2,2,0.695,0,11
EV00056,Blink - Boston #16,Boston,DC Fast Charge,0,0,0.818,10,12
EV00056,Blink - Boston #16,Boston,DC Fast Charge,1,3,0.771,0,13
EV00056,Blink - Boston #16,Boston,DC Fast Charge,2,2,0.67,0,14
EV00056,Blink - Boston #16,Boston,DC Fast Charge,3,1,0.481,0,15
EV00056,Blink - Boston #16,Boston,DC Fast Charge,1,0,0.496,0,16
EV00056,Blink - Boston #16,Boston,DC Fast Charge,1,3,0.785,0,17
EV00056,Blink - Boston #16,Boston,DC Fast Charge,2,2,0.749,0,18
EV00056,Blink - Boston #16,Boston,DC Fast Charge,2,2,0.536,0,19
EV00056,Blink - Boston #16,Boston,DC Fast Charge,3,1,0.423,0,20
EV00056,Blink - Boston #16,Boston,DC Fast Charge,3,1,0.455,0,21
EV00056,Blink - Boston #16,Boston,DC Fast Charge,3,1,0.405,0,22
EV00056,Blink - Boston #16,Boston,DC Fast Charge,4,0,0.225,0,23
EV00057,Blink - Las Vegas #17,Las Vegas,Level 2,9,1,0.164,0,0
EV00057,Blink - Las Vegas #17,Las Vegas,Level 2,0,0,0.081,112,1
EV00057,Blink - Las Vegas #17,Las Vegas,Level 2,10,0,0.061,0,2
EV00057,Blink - Las Vegas #17,Las Vegas,Level 2,10,0,0.029,0,3
EV00057,Blink - Las Vegas #17,Las Vegas,Level 2,10,0,0.051,0,4
EV00057,Blink - Las Vegas #17,Las Vegas,Level 2,10,0,0.087,0,5
EV00057,Blink - Las Vegas #17,Las Vegas,Level 2,8,2,0.216,0,6
EV00057,Blink - Las Vegas #17,Las Vegas,Level 2,6,4,0.446,0,7
EV00057,Blink - Las Vegas #17,Las Vegas,Level 2,6,4,0.468,0,8
EV00057,Blink - Las Vegas #17,Las Vegas,Level 2,1,0,0.543,0,9
EV00057,Blink - Las Vegas #17,Las Vegas,Level 2,6,4,0.487,0,10
EV00057,Blink - Las Vegas #17,Las Vegas,Level 2,5,5,0.6,0,11
EV00057,Blink - Las Vegas #17,Las Vegas,Level 2,0,0,0.6,89,12
EV00057,Blink - Las Vegas #17,Las Vegas,Level 2,6,4,0.494,0,13
EV00057,Blink - Las Vegas #17,Las Vegas,Level 2,5,5,0.546,0,14
EV00057,Blink - Las Vegas #17,Las Vegas,Level 2,4,6,0.691,0,15
EV00057,Blink - Las Vegas #17,Las Vegas,Level 2,3,7,0.733,0,16
EV00057,Blink - Las Vegas #17,Las Vegas,Level 2,0,0,0.888,76,17
EV00057,Blink - Las Vegas #17,Las Vegas,Level 2,0,0,0.773,71,18
EV00057,Blink - Las Vegas #17,Las Vegas,Level 2,3,7,0.702,0,19
EV00057,Blink - Las Vegas #17,Las Vegas,Level 2,7,3,0.393,0,20
EV00057,Blink - Las Vegas #17,Las Vegas,Level 2,7,3,0.343,0,21
EV00057,Blink - Las Vegas #17,Las Vegas,Level 2,8,2,0.267,0,22
EV00057,Blink - Las Vegas #17,Las Vegas,Level 2,9,1,0.169,0,23
EV00058,EVCS - Phoenix #18,Phoenix,Level 2,13,3,0.192,0,0
EV00058,EVCS - Phoenix #18,Phoenix,Level 2,16,0,0.055,0,1
EV00058,EVCS - Phoenix #18,Phoenix,Level 2,15,1,0.063,0,2
EV00058,EVCS - Phoenix #18,Phoenix,Level 2,16,0,0.035,0,3
EV00058,EVCS - Phoenix #18,Phoenix,Level 2,16,0,0.046,0,4
EV00058,EVCS - Phoenix #18,Phoenix,Level 2,15,1,0.072,0,5
EV00058,EVCS - Phoenix #18,Phoenix,Level 2,13,3,0.213,0,6
EV00058,EVCS - Phoenix #18,Phoenix,Level 2,8,8,0.512,0,7
EV00058,EVCS - Phoenix #18,Phoenix,Level 2,8,8,0.511,0,8
EV00058,EVCS - Phoenix #18,Phoenix,Level 2,10,6,0.384,0,9
EV00058,EVCS - Phoenix #18,Phoenix,Level 2,11,5,0.372,0,10
EV00058,EVCS - Phoenix #18,Phoenix,Level 2,3,5,0.631,0,11
EV00058,EVCS - Phoenix #18,Phoenix,Level 2,5,11,0.717,0,12
EV00058,EVCS - Phoenix #18,Phoenix,Level 2,8,8,0.538,0,13
EV00058,EVCS - Phoenix #18,Phoenix,Level 2,10,6,0.409,0,14
EV00058,EVCS - Phoenix #18,Phoenix,Level 2,10,6,0.437,0,15
EV00058,EVCS - Phoenix #18,Phoenix,Level 2,5,11,0.736,0,16
EV00058,EVCS - Phoenix #18,Phoenix,Level 2,4,12,0.798,0,17
EV00058,EVCS - Phoenix #18,Phoenix,Level 2,7,9,0.617,0,18
EV00058,EVCS - Phoenix #18,Phoenix,Level 2,7,9,0.59,0,19
EV00058,EVCS - Phoenix #18,Phoenix,Level 2,10,6,0.393,0,20
EV00058,EVCS - Phoenix #18,Phoenix,Level 2,11,5,0.371,0,21
EV00058,EVCS - Phoenix #18,Phoenix,Level 2,12,4,0.251,0,22
EV00058,EVCS - Phoenix #18,Phoenix,Level 2,13,3,0.196,0,23
EV00059,Tesla Supercharger - Atlanta #19,Atlanta,Tesla DC Fast,7,1,0.165,0,0
EV00059,Tesla Supercharger - Atlanta #19,Atlanta,Tesla DC Fast,8,0,0.111,0,1
EV00059,Tesla Supercharger - Atlanta #19,Atlanta,Tesla DC Fast,8,0,0.084,0,2
EV00059,Tesla Supercharger - Atlanta #19,Atlanta,Tesla DC Fast,8,0,0.06,0,3
EV00059,Tesla Supercharger - Atlanta #19,Atlanta,Tesla DC Fast,8,0,0.08,0,4
EV00059,Tesla Supercharger - Atlanta #19,Atlanta,Tesla DC Fast,8,0,0.081,0,5
EV00059,Tesla Supercharger - Atlanta #19,Atlanta,Tesla DC Fast,8,0,0.115,0,6
EV00059,Tesla Supercharger - Atlanta #19,Atlanta,Tesla DC Fast,7,1,0.224,0,7
EV00059,Tesla Supercharger - Atlanta #19,Atlanta,Tesla DC Fast,6,2,0.266,0,8
EV00059,Tesla Supercharger - Atlanta #19,Atlanta,Tesla DC Fast,2,0,0.438,0,9
EV00059,Tesla Supercharger - Atlanta #19,Atlanta,Tesla DC Fast,5,3,0.432,0,10
EV00059,Tesla Supercharger - Atlanta #19,Atlanta,Tesla DC Fast,4,4,0.524,0,11
EV00059,Tesla Supercharger - Atlanta #19,Atlanta,Tesla DC Fast,4,4,0.59,0,12
EV00059,Tesla Supercharger - Atlanta #19,Atlanta,Tesla DC Fast,5,3,0.426,0,13
EV00059,Tesla Supercharger - Atlanta #19,Atlanta,Tesla DC Fast,5,3,0.487,0,14
EV00059,Tesla Supercharger - Atlanta #19,Atlanta,Tesla DC Fast,4,4,0.577,0,15
EV00059,Tesla Supercharger - Atlanta #19,Atlanta,Tesla DC Fast,4,4,0.572,0,16
EV00059,Tesla Supercharger - Atlanta #19,Atlanta,Tesla DC Fast,4,4,0.533,0,17
EV00059,Tesla Supercharger - Atlanta #19,Atlanta,Tesla DC Fast,5,3,0.426,0,18
EV00059,Tesla Supercharger - Atlanta #19,Atlanta,Tesla DC Fast,5,3,0.403,0,19
EV00059,Tesla Supercharger - Atlanta #19,Atlanta,Tesla DC Fast,5,3,0.405,0,20
EV00059,Tesla Supercharger - Atlanta #19,Atlanta,Tesla DC Fast,6,2,0.342,0,21
EV00059,Tesla Supercharger - Atlanta #19,Atlanta,Tesla DC Fast,6,2,0.285,0,22
EV00059,Tesla Supercharger - Atlanta #19,Atlanta,Tesla DC Fast,4,0,0.185,0,23
EV00060,Volta - Denver #20,Denver,Level 2,5,1,0.237,0,0
EV00060,Volta - Denver #20,Denver,Level 2,5,1,0.18,0,1
EV00060,Volta - Denver #20,Denver,Level 2,6,0,0.103,0,2
EV00060,Volta - Denver #20,Denver,Level 2,6,0,0.082,0,3
EV00060,Volta - Denver #20,Denver,Level 2,6,0,0.106,0,4
EV00060,Volta - Denver #20,Denver,Level 2,6,0,0.128,0,5
EV00060,Volta - Denver #20,Denver,Level 2,6,0,0.141,0,6
EV00060,Volta - Denver #20,Denver,Level 2,2,1,0.339,0,7
EV00060,Volta - Denver #20,Denver,Level 2,1,0,0.477,0,8
EV00060,Volta - Denver #20,Denver,Level 2,4,2,0.5,0,9
EV00060,Volta - Denver #20,Denver,Level 2,2,4,0.673,0,10
EV00060,Volta - Denver #20,Denver,Level 2,2,4,0.706,0,11
EV00060,Volta - Denver #20,Denver,Level 2,2,4,0.673,0,12
EV00060,Volta - Denver #20,Denver,Level 2,2,4,0.674,0,13
EV00060,Volta - Denver #20,Denver,Level 2,2,4,0.747,0,14
EV00060,Volta - Denver #20,Denver,Level 2,3,3,0.51,0,15
EV00060,Volta - Denver #20,Denver,Level 2,2,4,0.807,0,16
EV00060,Volta - Denver #20,Denver,Level 2,1,5,0.863,0,17
EV00060,Volta - Denver #20,Denver,Level 2,3,3,0.571,0,18
EV00060,Volta - Denver #20,Denver,Level 2,3,3,0.644,0,19
EV00060,Volta - Denver #20,Denver,Level 2,3,3,0.549,0,20
EV00060,Volta - Denver #20,Denver,Level 2,0,0,0.501,122,21
EV00060,Volta - Denver #20,Denver,Level 2,0,0,0.261,114,22
EV00060,Volta - Denver #20,Denver,Level 2,5,1,0.318,0,23
EV00061,Blink - Denver #1,Denver,Level 2,20,4,0.174,0,0
EV00061,Blink - Denver #1,Denver,Level 2,0,0,0.09,86,1
EV00061,Blink - Denver #1,Denver,Level 2,0,0,0.042,64,2
EV00061,Blink - Denver #1,Denver,Level 2,23,1,0.054,0,3
EV00061,Blink - Denver #1,Denver,Level 2,23,1,0.056,0,4
EV00061,Blink - Denver #1,Denver,Level 2,22,2,0.121,0,5
EV00061,Blink - Denver #1,Denver,Level 2,18,6,0.272,0,6
EV00061,Blink - Denver #1,Denver,Level 2,2,1,0.429,0,7
EV00061,Blink - Denver #1,Denver,Level 2,7,17,0.734,0,8
EV00061,Blink - Denver #1,Denver,Level 2,14,10,0.441,0,9
EV00061,Blink - Denver #1,Denver,Level 2,12,12,0.537,0,10
EV00061,Blink - Denver #1,Denver,Level 2,11,13,0.576,0,11
EV00061,Blink - Denver #1,Denver,Level 2,3,21,0.893,0,12
EV00061,Blink - Denver #1,Denver,Level 2,5,7,0.643,0,13
EV00061,Blink - Denver #1,Denver,Level 2,12,12,0.511,0,14
EV00061,Blink - Denver #1,Denver,Level 2,10,14,0.624,0,15
EV00061,Blink - Denver #1,Denver,Level 2,8,16,0.679,0,16
EV00061,Blink - Denver #1,Denver,Level 2,7,17,0.723,0,17
EV00061,Blink - Denver #1,Denver,Level 2,9,15,0.634,0,18
EV00061,Blink - Denver #1,Denver,Level 2,13,11,0.5,0,19
EV00061,Blink - Denver #1,Denver,Level 2,12,12,0.515,0,20
EV00061,Blink - Denver #1,Denver,Level 2,12,12,0.524,0,21
EV00061,Blink - Denver #1,Denver,Level 2,17,7,0.328,0,22
EV00061,Blink - Denver #1,Denver,Level 2,20,4,0.207,0,23
EV00062,Blink - New York #2,New York,Level 2,8,2,0.213,0,0
EV00062,Blink - New York #2,New York,Level 2,0,0,0.151,80,1
EV00062,Blink - New York #2,New York,Level 2,10,0,0.089,0,2
EV00062,Blink - New York #2,New York,Level 2,10,0,0.084,0,3
EV00062,Blink - New York #2,New York,Level 2,10,0,0.084,0,4
EV00062,Blink - New York #2,New York,Level 2,0,0,0.121,127,5
EV00062,Blink - New York #2,New York,Level 2,9,1,0.125,0,6
EV00062,Blink - New York #2,New York,Level 2,8,2,0.279,0,7
EV00062,Blink - New York #2,New York,Level 2,7,3,0.356,0,8
EV00062,Blink - New York #2,New York,Level 2,6,4,0.477,0,9
EV00062,Blink - New York #2,New York,Level 2,3,3,0.666,0,10
EV00062,Blink - New York #2,New York,Level 2,4,6,0.655,0,11
EV00062,Blink - New York #2,New York,Level 2,5,5,0.586,0,12
EV00062,Blink - New York #2,New York,Level 2,5,5,0.584,0,13
EV00062,Blink - New York #2,New York,Level 2,4,6,0.677,0,14
EV00062,Blink - New York #2,New York,Level 2,4,6,0.678,0,15
EV00062,Blink - New York #2,New York,Level 2,0,0,0.644,52,16
EV00062,Blink - New York #2,New York,Level 2,3,7,0.718,0,17
EV00062,Blink - New York #2,New York,Level 2,4,6,0.642,0,18
EV00062,Blink - New York #2,New York,Level 2,6,4,0.497,0,19
EV00062,Blink - New York #2,New York,Level 2,1,0,0.528,0,20
EV00062,Blink - New York #2,New York,Level 2,7,3,0.349,0,21
EV00062,Blink - New York #2,New York,Level 2,8,2,0.262,0,22
EV00062,Blink - New York #2,New York,Level 2,8,2,0.263,0,23
EV00063,Blink - New York #3,New York,Level 2,2,0,0.269,0,0
EV00063,Blink - New York #3,New York,Level 2,0,0,0.336,124,1
EV00063,Blink - New York #3,New York,Level 2,2,0,0.284,0,2
EV00063,Blink - New York #3,New York,Level 2,2,0,0.188,0,3
EV00063,Blink - New York #3,New York,Level 2,2,0,0.21,0,4
EV00063,Blink - New York #3,New York,Level 2,2,0,0.172,0,5
EV00063,Blink - New York #3,New York,Level 2,2,0,0.093,0,6
EV00063,Blink - New York #3,New York,Level 2,2,0,0.079,0,7
EV00063,Blink - New York #3,New York,Level 2,2,0,0.054,0,8
EV00063,Blink - New York #3,New York,Level 2,2,0,0.039,0,9
EV00063,Blink - New York #3,New York,Level 2,0,0,0.088,108,10
EV00063,Blink - New York #3,New York,Level 2,0,0,0.085,85,11
EV00063,Blink - New York #3,New York,Level 2,2,0,0.128,0,12
EV00063,Blink - New York #3,New York,Level 2,0,0,0.118,79,13
EV00063,Blink - New York #3,New York,Level 2,2,0,0.082,0,14
EV00063,Blink - New York #3,New York,Level 2,2,0,0.127,0,15
EV00063,Blink - New York #3,New York,Level 2,2,0,0.206,0,16
EV00063,Blink - New York #3,New York,Level 2,2,0,0.244,0,17
EV00063,Blink - New York #3,New York,Level 2,0,0,0.516,120,18
EV00063,Blink - New York #3,New York,Level 2,1,1,0.526,0,19
EV00063,Blink - New York #3,New York,Level 2,1,1,0.847,0,20
EV00063,Blink - New York #3,New York,Level 2,1,1,0.686,0,21
EV00063,Blink - New York #3,New York,Level 2,1,1,0.546,0,22
EV00063,Blink - New York #3,New York,Level 2,2,0,0.478,0,23
EV00064,Blink - Austin #4,Austin,DC Fast Charge,9,1,0.12,0,0
EV00064,Blink - Austin #4,Austin,DC Fast Charge,10,0,0.076,0,1
EV00064,Blink - Austin #4,Austin,DC Fast Charge,10,0,0.042,0,2
EV00064,Blink - Austin #4,Austin,DC Fast Charge,10,0,0.02,0,3
EV00064,Blink - Austin #4,Austin,DC Fast Charge,10,0,0.026,0,4
EV00064,Blink - Austin #4,Austin,DC Fast Charge,10,0,0.053,0,5
EV00064,Blink - Austin #4,Austin,DC Fast Charge,9,1,0.116,0,6
EV00064,Blink - Austin #4,Austin,DC Fast Charge,8,2,0.237,0,7
EV00064,Blink - Austin #4,Austin,DC Fast Charge,7,3,0.356,0,8
EV00064,Blink - Austin #4,Austin,DC Fast Charge,4,6,0.619,0,9
EV00064,Blink - Austin #4,Austin,DC Fast Charge,2,8,0.857,0,10
EV00064,Blink - Austin #4,Austin,DC Fast Charge,2,8,0.8,0,11
EV00064,Blink - Austin #4,Austin,DC Fast Charge,4,6,0.684,0,12
EV00064,Blink - Austin #4,Austin,DC Fast Charge,0,0,0.98,24,13
EV00064,Blink - Austin #4,Austin,DC Fast Charge,2,8,0.884,0,14
EV00064,Blink - Austin #4,Austin,DC Fast Charge,2,8,0.806,0,15
EV00064,Blink - Austin #4,Austin,DC Fast Charge,4,6,0.605,0,16
EV00064,Blink - Austin #4,Austin,DC Fast Charge,2,8,0.823,0,17
EV00064,Blink - Austin #4,Austin,DC Fast Charge,2,8,0.829,0,18
EV00064,Blink - Austin #4,Austin,DC Fast Charge,1,2,0.711,0,19
EV00064,Blink - Austin #4,Austin,DC Fast Charge,1,9,0.938,0,20
EV00064,Blink - Austin #4,Austin,DC Fast Charge,4,6,0.668,0,21
EV00064,Blink - Austin #4,Austin,DC Fast Charge,5,5,0.508,0,22
EV00064,Blink - Austin #4,Austin,DC Fast Charge,9,1,0.168,0,23
EV00065,Shell Recharge - Minneapolis #5,Minneapolis,DC Fast Charge,5,1,0.218,0,0
EV00065,Shell Recharge - Minneapolis #5,Minneapolis,DC Fast Charge,6,0,0.12,0,1
EV00065,Shell Recharge - Minneapolis #5,Minneapolis,DC Fast Charge,6,0,0.069,0,2
EV00065,Shell Recharge - Minneapolis #5,Minneapolis,DC Fast Charge,6,0,0.088,0,3
EV00065,Shell Recharge - Minneapolis #5,Minneapolis,DC Fast Charge,6,0,0.064,0,4
EV00065,Shell Recharge - Minneapolis #5,Minneapolis,DC Fast Charge,6,0,0.083,0,5
EV00065,Shell Recharge - Minneapolis #5,Minneapolis,DC Fast Charge,6,0,0.129,0,6
EV00065,Shell Recharge - Minneapolis #5,Minneapolis,DC Fast Charge,5,1,0.237,0,7
EV00065,Shell Recharge - Minneapolis #5,Minneapolis,DC Fast Charge,4,2,0.411,0,8
EV00065,Shell Recharge - Minneapolis #5,Minneapolis,DC Fast Charge,4,2,0.462,0,9
EV00065,Shell Recharge - Minneapolis #5,Minneapolis,DC Fast Charge,4,2,0.373,0,10
EV00065,Shell Recharge - Minneapolis #5,Minneapolis,DC Fast Charge,4,2,0.485,0,11
EV00065,Shell Recharge - Minneapolis #5,Minneapolis,DC Fast Charge,3,3,0.541,0,12
EV00065,Shell Recharge - Minneapolis #5,Minneapolis,DC Fast Charge,3,3,0.563,0,13
EV00065,Shell Recharge - Minneapolis #5,Minneapolis,DC Fast Charge,3,3,0.617,0,14
EV00065,Shell Recharge - Minneapolis #5,Minneapolis,DC Fast Charge,3,3,0.578,0,15
EV00065,Shell Recharge - Minneapolis #5,Minneapolis,DC Fast Charge,3,3,0.64,0,16
EV00065,Shell Recharge - Minneapolis #5,Minneapolis,DC Fast Charge,4,2,0.45,0,17
EV00065,Shell Recharge - Minneapolis #5,Minneapolis,DC Fast Charge,3,3,0.584,0,18
EV00065,Shell Recharge - Minneapolis #5,Minneapolis,DC Fast Charge,3,3,0.518,0,19
EV00065,Shell Recharge - Minneapolis #5,Minneapolis,DC Fast Charge,4,2,0.347,0,20
EV00065,Shell Recharge - Minneapolis #5,Minneapolis,DC Fast Charge,5,1,0.281,0,21
EV00065,Shell Recharge - Minneapolis #5,Minneapolis,DC Fast Charge,5,1,0.244,0,22
EV00065,Shell Recharge - Minneapolis #5,Minneapolis,DC Fast Charge,5,1,0.214,0,23
EV00066,EVCS - Minneapolis #6,Minneapolis,DC Fast Charge,11,1,0.091,0,0
EV00066,EVCS - Minneapolis #6,Minneapolis,DC Fast Charge,12,0,0.04,0,1
EV00066,EVCS - Minneapolis #6,Minneapolis,DC Fast Charge,12,0,0.021,0,2
EV00066,EVCS - Minneapolis #6,Minneapolis,DC Fast Charge,6,0,0.02,0,3
EV00066,EVCS - Minneapolis #6,Minneapolis,DC Fast Charge,12,0,0.02,0,4
EV00066,EVCS - Minneapolis #6,Minneapolis,DC Fast Charge,12,0,0.054,0,5
EV00066,EVCS - Minneapolis #6,Minneapolis,DC Fast Charge,11,1,0.104,0,6
EV00066,EVCS - Minneapolis #6,Minneapolis,DC Fast Charge,9,3,0.268,0,7
EV00066,EVCS - Minneapolis #6,Minneapolis,DC Fast Charge,9,3,0.282,0,8
EV00066,EVCS - Minneapolis #6,Minneapolis,DC Fast Charge,7,5,0.464,0,9
EV00066,EVCS - Minneapolis #6,Minneapolis,DC Fast Charge,7,5,0.445,0,10
EV00066,EVCS - Minneapolis #6,Minneapolis,DC Fast Charge,7,5,0.496,0,11
EV00066,EVCS - Minneapolis #6,Minneapolis,DC Fast Charge,4,8,0.726,0,12
EV00066,EVCS - Minneapolis #6,Minneapolis,DC Fast Charge,4,8,0.694,0,13
EV00066,EVCS - Minneapolis #6,Minneapolis,DC Fast Charge,4,8,0.726,0,14
EV00066,EVCS - Minneapolis #6,Minneapolis,DC Fast Charge,6,6,0.57,0,15
EV00066,EVCS - Minneapolis #6,Minneapolis,DC Fast Charge,7,5,0.494,0,16
EV00066,EVCS - Minneapolis #6,Minneapolis,DC Fast Charge,0,0,0.645,20,17
EV00066,EVCS - Minneapolis #6,Minneapolis,DC Fast Charge,4,8,0.692,0,18
EV00066,EVCS - Minneapolis #6,Minneapolis,DC Fast Charge,4,8,0.733,0,19
EV00066,EVCS - Minneapolis #6,Minneapolis,DC Fast Charge,2,3,0.679,0,20
EV00066,EVCS - Minneapolis #6,Minneapolis,DC Fast Charge,8,4,0.377,0,21
EV00066,EVCS - Minneapolis #6,Minneapolis,DC Fast Charge,8,4,0.334,0,22
EV00066,EVCS - Minneapolis #6,Minneapolis,DC Fast Charge,11,1,0.161,0,23
EV00067,EVCS - Los Angeles #7,Los Angeles,Level 2,0,0,0.024,120,0
EV00067,EVCS - Los Angeles #7,Los Angeles,Level 2,2,0,0.025,0,1
EV00067,EVCS - Los Angeles #7,Los Angeles,Level 2,2,0,0.023,0,2
EV00067,EVCS - Los Angeles #7,Los Angeles,Level 2,2,0,0.026,0,3
EV00067,EVCS - Los Angeles #7,Los Angeles,Level 2,2,0,0.031,0,4
EV00067,EVCS - Los Angeles #7,Los Angeles,Level 2,0,0,0.04,102,5
EV00067,EVCS - Los Angeles #7,Los Angeles,Level 2,2,0,0.161,0,6
EV00067,EVCS - Los Angeles #7,Los Angeles,Level 2,2,0,0.452,0,7
EV00067,EVCS - Los Angeles #7,Los Angeles,Level 2,1,1,0.733,0,8
EV00067,EVCS - Los Angeles #7,Los Angeles,Level 2,1,0,0.98,0,9
EV00067,EVCS - Los Angeles #7,Los Angeles,Level 2,1,1,0.98,0,10
EV00067,EVCS - Los Angeles #7,Los Angeles,Level 2,0,0,0.98,128,11
EV00067,EVCS - Los Angeles #7,Los Angeles,Level 2,1,1,0.931,0,12
EV00067,EVCS - Los Angeles #7,Los Angeles,Level 2,1,1,0.98,0,13
EV00067,EVCS - Los Angeles #7,Los Angeles,Level 2,1,1,0.98,0,14
EV00067,EVCS - Los Angeles #7,Los Angeles,Level 2,1,1,0.756,0,15
EV00067,EVCS - Los Angeles #7,Los Angeles,Level 2,1,1,0.832,0,16
EV00067,EVCS - Los Angeles #7,Los Angeles,Level 2,1,1,0.555,0,17
EV00067,EVCS - Los Angeles #7,Los Angeles,Level 2,2,0,0.225,0,18
EV00067,EVCS - Los Angeles #7,Los Angeles,Level 2,2,0,0.112,0,19
EV00067,EVCS - Los Angeles #7,Los Angeles,Level 2,2,0,0.068,0,20
EV00067,EVCS - Los Angeles #7,Los Angeles,Level 2,0,0,0.053,83,21
EV00067,EVCS - Los Angeles #7,Los Angeles,Level 2,0,0,0.024,116,22
EV00067,EVCS - Los Angeles #7,Los Angeles,Level 2,2,0,0.034,0,23
EV00068,Blink - Denver #8,Denver,DC Fast Charge,6,0,0.104,0,0
EV00068,Blink - Denver #8,Denver,DC Fast Charge,6,0,0.05,0,1
EV00068,Blink - Denver #8,Denver,DC Fast Charge,6,0,0.039,0,2
EV00068,Blink - Denver #8,Denver,DC Fast Charge,6,0,0.027,0,3
EV00068,Blink - Denver #8,Denver,DC Fast Charge,6,0,0.02,0,4
EV00068,Blink - Denver #8,Denver,DC Fast Charge,6,0,0.065,0,5
EV00068,Blink - Denver #8,Denver,DC Fast Charge,6,0,0.111,0,6
EV00068,Blink - Denver #8,Denver,DC Fast Charge,5,1,0.244,0,7
EV00068,Blink - Denver #8,Denver,DC Fast Charge,3,3,0.543,0,8
EV00068,Blink - Denver #8,Denver,DC Fast Charge,4,2,0.422,0,9
EV00068,Blink - Denver #8,Denver,DC Fast Charge,3,3,0.502,0,10
EV00068,Blink - Denver #8,Denver,DC Fast Charge,2,4,0.752,0,11
EV00068,Blink - Denver #8,Denver,DC Fast Charge,2,4,0.671,0,12
EV00068,Blink - Denver #8,Denver,DC Fast Charge,3,3,0.66,0,13
EV00068,Blink - Denver #8,Denver,DC Fast Charge,2,4,0.677,0,14
EV00068,Blink - Denver #8,Denver,DC Fast Charge,3,3,0.528,0,15
EV00068,Blink - Denver #8,Denver,DC Fast Charge,4,2,0.494,0,16
EV00068,Blink - Denver #8,Denver,DC Fast Charge,2,4,0.77,0,17
EV00068,Blink - Denver #8,Denver,DC Fast Charge,1,5,0.845,0,18
EV00068,Blink - Denver #8,Denver,DC Fast Charge,1,1,0.718,0,19
EV00068,Blink - Denver #8,Denver,DC Fast Charge,2,4,0.72,0,20
EV00068,Blink - Denver #8,Denver,DC Fast Charge,2,4,0.672,0,21
EV00068,Blink - Denver #8,Denver,DC Fast Charge,4,2,0.409,0,22
EV00068,Blink - Denver #8,Denver,DC Fast Charge,5,1,0.227,0,23
EV00069,Electrify America - Boston #9,Boston,DC Fast Charge,2,0,0.121,0,0
EV00069,Electrify America - Boston #9,Boston,DC Fast Charge,2,0,0.05,0,1
EV00069,Electrify America - Boston #9,Boston,DC Fast Charge,2,0,0.029,0,2
EV00069,Electrify America - Boston #9,Boston,DC Fast Charge,2,0,0.02,0,3
EV00069,Electrify America - Boston #9,Boston,DC Fast Charge,2,0,0.02,0,4
EV00069,Electrify America - Boston #9,Boston,DC Fast Charge,2,0,0.046,0,5
EV00069,Electrify America - Boston #9,Boston,DC Fast Charge,2,0,0.101,0,6
EV00069,Electrify America - Boston #9,Boston,DC Fast Charge,2,0,0.228,0,7
EV00069,Electrify America - Boston #9,Boston,DC Fast Charge,1,1,0.515,0,8
EV00069,Electrify America - Boston #9,Boston,DC Fast Charge,1,1,0.538,0,9
EV00069,Electrify America - Boston #9,Boston,DC Fast Charge,1,1,0.618,0,10
EV00069,Electrify America - Boston #9,Boston,DC Fast Charge,1,1,0.788,0,11
EV00069,Electrify America - Boston #9,Boston,DC Fast Charge,1,1,0.823,0,12
EV00069,Electrify America - Boston #9,Boston,DC Fast Charge,1,1,0.656,0,13
EV00069,Electrify America - Boston #9,Boston,DC Fast Charge,1,1,0.759,0,14
EV00069,Electrify America - Boston #9,Boston,DC Fast Charge,1,1,0.653,0,15
EV00069,Electrify America - Boston #9,Boston,DC Fast Charge,2,0,0.468,0,16
EV00069,Electrify America - Boston #9,Boston,DC Fast Charge,0,0,0.764,13,17
EV00069,Electrify America - Boston #9,Boston,DC Fast Charge,1,1,0.676,0,18
EV00069,Electrify America - Boston #9,Boston,DC Fast Charge,1,1,0.7,0,19
EV00069,Electrify America - Boston #9,Boston,DC Fast Charge,1,1,0.886,0,20
EV00069,Electrify America - Boston #9,Boston,DC Fast Charge,1,1,0.693,0,21
EV00069,Electrify America - Boston #9,Boston,DC Fast Charge,0,0,0.415,15,22
EV00069,Electrify America - Boston #9,Boston,DC Fast Charge,2,0,0.242,0,23
EV00070,Volta - San Diego #10,San Diego,Level 2,4,0,0.237,0,0
EV00070,Volta - San Diego #10,San Diego,Level 2,4,0,0.223,0,1
EV00070,Volta - San Diego #10,San Diego,Level 2,4,0,0.135,0,2
EV00070,Volta - San Diego #10,San Diego,Level 2,4,0,0.087,0,3
EV00070,Volta - San Diego #10,San Diego,Level 2,0,0,0.103,68,4
EV00070,Volta - San Diego #10,San Diego,Level 2,4,0,0.118,0,5
EV00070,Volta - San Diego #10,San Diego,Level 2,4,0,0.173,0,6
EV00070,Volta - San Diego #10,San Diego,Level 2,4,0,0.25,0,7
EV00070,Volta - San Diego #10,San Diego,Level 2,3,1,0.458,0,8
EV00070,Volta - San Diego #10,San Diego,Level 2,3,1,0.462,0,9
EV00070,Volta - San Diego #10,San Diego,Level 2,2,2,0.706,0,10
EV00070,Volta - San Diego #10,San Diego,Level 2,1,3,0.776,0,11
EV00070,Volta - San Diego #10,San Diego,Level 2,1,3,0.912,0,12
EV00070,Volta - San Diego #10,San Diego,Level 2,2,2,0.564,0,13
EV00070,Volta - San Diego #10,San Diego,Level 2,1,3,0.787,0,14
EV00070,Volta - San Diego #10,San Diego,Level 2,2,2,0.605,0,15
EV00070,Volta - San Diego #10,San Diego,Level 2,1,3,0.927,0,16
EV00070,Volta - San Diego #10,San Diego,Level 2,1,0,0.596,0,17
EV00070,Volta - San Diego #10,San Diego,Level 2,2,2,0.575,0,18
EV00070,Volta - San Diego #10,San Diego,Level 2,2,2,0.66,0,19
EV00070,Volta - San Diego #10,San Diego,Level 2,3,1,0.437,0,20
EV00070,Volta - San Diego #10,San Diego,Level 2,3,1,0.465,0,21
EV00070,Volta - San Diego #10,San Diego,Level 2,3,1,0.429,0,22
EV00070,Volta - San Diego #10,San Diego,Level 2,3,1,0.353,0,23
EV00071,Electrify America - Phoenix #11,Phoenix,Hyper-Fast,2,0,0.176,0,0
EV00071,Electrify America - Phoenix #11,Phoenix,Hyper-Fast,2,0,0.134,0,1
EV00071,Electrify America - Phoenix #11,Phoenix,Hyper-Fast,2,0,0.105,0,2
EV00071,Electrify America - Phoenix #11,Phoenix,Hyper-Fast,2,0,0.068,0,3
EV00071,Electrify America - Phoenix #11,Phoenix,Hyper-Fast,2,0,0.096,0,4
EV00071,Electrify America - Phoenix #11,Phoenix,Hyper-Fast,2,0,0.086,0,5
EV00071,Electrify America - Phoenix #11,Phoenix,Hyper-Fast,2,0,0.12,0,6
EV00071,Electrify America - Phoenix #11,Phoenix,Hyper-Fast,2,0,0.283,0,7
EV00071,Electrify America - Phoenix #11,Phoenix,Hyper-Fast,2,0,0.382,0,8
EV00071,Electrify America - Phoenix #11,Phoenix,Hyper-Fast,2,0,0.452,0,9
EV00071,Electrify America - Phoenix #11,Phoenix,Hyper-Fast,2,0,0.437,0,10
EV00071,Electrify America - Phoenix #11,Phoenix,Hyper-Fast,1,1,0.623,0,11
EV00071,Electrify America - Phoenix #11,Phoenix,Hyper-Fast,1,1,0.521,0,12
EV00071,Electrify America - Phoenix #11,Phoenix,Hyper-Fast,2,0,0.479,0,13
EV00071,Electrify America - Phoenix #11,Phoenix,Hyper-Fast,1,1,0.59,0,14
EV00071,Electrify America - Phoenix #11,Phoenix,Hyper-Fast,1,1,0.643,0,15
EV00071,Electrify America - Phoenix #11,Phoenix,Hyper-Fast,2,0,0.458,0,16
EV00071,Electrify America - Phoenix #11,Phoenix,Hyper-Fast,0,0,0.776,22,17
EV00071,Electrify America - Phoenix #11,Phoenix,Hyper-Fast,2,0,0.472,0,18
EV00071,Electrify America - Phoenix #11,Phoenix,Hyper-Fast,1,1,0.615,0,19
EV00071,Electrify America - Phoenix #11,Phoenix,Hyper-Fast,2,0,0.35,0,20
EV00071,Electrify America - Phoenix #11,Phoenix,Hyper-Fast,2,0,0.302,0,21
EV00071,Electrify America - Phoenix #11,Phoenix,Hyper-Fast,2,0,0.311,0,22
EV00071,Electrify America - Phoenix #11,Phoenix,Hyper-Fast,2,0,0.263,0,23
EV00072,Blink - Phoenix #12,Phoenix,DC Fast Charge,6,2,0.254,0,0
EV00072,Blink - Phoenix #12,Phoenix,DC Fast Charge,0,0,0.286,13,1
EV00072,Blink - Phoenix #12,Phoenix,DC Fast Charge,6,2,0.275,0,2
EV00072,Blink - Phoenix #12,Phoenix,DC Fast Charge,7,1,0.193,0,3
EV00072,Blink - Phoenix #12,Phoenix,DC Fast Charge,7,1,0.233,0,4
EV00072,Blink - Phoenix #12,Phoenix,DC Fast Charge,8,0,0.105,0,5
EV00072,Blink - Phoenix #12,Phoenix,DC Fast Charge,8,0,0.098,0,6
EV00072,Blink - Phoenix #12,Phoenix,DC Fast Charge,8,0,0.067,0,7
EV00072,Blink - Phoenix #12,Phoenix,DC Fast Charge,8,0,0.045,0,8
EV00072,Blink - Phoenix #12,Phoenix,DC Fast Charge,8,0,0.055,0,9
EV00072,Blink - Phoenix #12,Phoenix,DC Fast Charge,8,0,0.064,0,10
EV00072,Blink - Phoenix #12,Phoenix,DC Fast Charge,8,0,0.078,0,11
EV00072,Blink - Phoenix #12,Phoenix,DC Fast Charge,8,0,0.105,0,12
EV00072,Blink - Phoenix #12,Phoenix,DC Fast Charge,1,0,0.1,0,13
EV00072,Blink - Phoenix #12,Phoenix,DC Fast Charge,8,0,0.108,0,14
EV00072,Blink - Phoenix #12,Phoenix,DC Fast Charge,8,0,0.11,0,15
EV00072,Blink - Phoenix #12,Phoenix,DC Fast Charge,7,1,0.197,0,16
EV00072,Blink - Phoenix #12,Phoenix,DC Fast Charge,6,2,0.362,0,17
EV00072,Blink - Phoenix #12,Phoenix,DC Fast Charge,2,1,0.408,0,18
EV00072,Blink - Phoenix #12,Phoenix,DC Fast Charge,3,5,0.706,0,19
EV00072,Blink - Phoenix #12,Phoenix,DC Fast Charge,3,5,0.63,0,20
EV00072,Blink - Phoenix #12,Phoenix,DC Fast Charge,3,5,0.704,0,21
EV00072,Blink - Phoenix #12,Phoenix,DC Fast Charge,5,3,0.489,0,22
EV00072,Blink - Phoenix #12,Phoenix,DC Fast Charge,6,2,0.278,0,23
EV00073,Tesla Supercharger - Las Vegas #13,Las Vegas,Tesla DC Fast,17,3,0.196,0,0
EV00073,Tesla Supercharger - Las Vegas #13,Las Vegas,Tesla DC Fast,19,1,0.081,0,1
EV00073,Tesla Supercharger - Las Vegas #13,Las Vegas,Tesla DC Fast,20,0,0.05,0,2
EV00073,Tesla Supercharger - Las Vegas #13,Las Vegas,Tesla DC Fast,20,0,0.035,0,3
EV00073,Tesla Supercharger - Las Vegas #13,Las Vegas,Tesla DC Fast,19,1,0.064,0,4
EV00073,Tesla Supercharger - Las Vegas #13,Las Vegas,Tesla DC Fast,19,1,0.085,0,5
EV00073,Tesla Supercharger - Las Vegas #13,Las Vegas,Tesla DC Fast,16,4,0.22,0,6
EV00073,Tesla Supercharger - Las Vegas #13,Las Vegas,Tesla DC Fast,10,10,0.52,0,7
EV00073,Tesla Supercharger - Las Vegas #13,Las Vegas,Tesla DC Fast,8,12,0.644,0,8
EV00073,Tesla Supercharger - Las Vegas #13,Las Vegas,Tesla DC Fast,11,9,0.497,0,9
EV00073,Tesla Supercharger - Las Vegas #13,Las Vegas,Tesla DC Fast,9,11,0.572,0,10
EV00073,Tesla Supercharger - Las Vegas #13,Las Vegas,Tesla DC Fast,10,10,0.532,0,11
EV00073,Tesla Supercharger - Las Vegas #13,Las Vegas,Tesla DC Fast,6,14,0.738,0,12
EV00073,Tesla Supercharger - Las Vegas #13,Las Vegas,Tesla DC Fast,6,14,0.737,0,13
EV00073,Tesla Supercharger - Las Vegas #13,Las Vegas,Tesla DC Fast,9,11,0.561,0,14
EV00073,Tesla Supercharger - Las Vegas #13,Las Vegas,Tesla DC Fast,10,10,0.521,0,15
EV00073,Tesla Supercharger - Las Vegas #13,Las Vegas,Tesla DC Fast,4,16,0.836,0,16
EV00073,Tesla Supercharger - Las Vegas #13,Las Vegas,Tesla DC Fast,1,2,0.725,0,17
EV00073,Tesla Supercharger - Las Vegas #13,Las Vegas,Tesla DC Fast,4,16,0.81,0,18
EV00073,Tesla Supercharger - Las Vegas #13,Las Vegas,Tesla DC Fast,11,9,0.472,0,19
EV00073,Tesla Supercharger - Las Vegas #13,Las Vegas,Tesla DC Fast,11,9,0.459,0,20
EV00073,Tesla Supercharger - Las Vegas #13,Las Vegas,Tesla DC Fast,13,7,0.38,0,21
EV00073,Tesla Supercharger - Las Vegas #13,Las Vegas,Tesla DC Fast,13,7,0.372,0,22
EV00073,Tesla Supercharger - Las Vegas #13,Las Vegas,Tesla DC Fast,3,0,0.27,0,23
EV00074,Electrify America - Chicago #14,Chicago,DC Fast Charge,2,0,0.163,0,0
EV00074,Electrify America - Chicago #14,Chicago,DC Fast Charge,2,0,0.14,0,1
EV00074,Electrify America - Chicago #14,Chicago,DC Fast Charge,2,0,0.087,0,2
EV00074,Electrify America - Chicago #14,Chicago,DC Fast Charge,2,0,0.062,0,3
EV00074,Electrify America - Chicago #14,Chicago,DC Fast Charge,2,0,0.086,0,4
EV00074,Electrify America - Chicago #14,Chicago,DC Fast Charge,2,0,0.085,0,5
EV00074,Electrify America - Chicago #14,Chicago,DC Fast Charge,2,0,0.131,0,6
EV00074,Electrify America - Chicago #14,Chicago,DC Fast Charge,2,0,0.175,0,7
EV00074,Electrify America - Chicago #14,Chicago,DC Fast Charge,2,0,0.358,0,8
EV00074,Electrify America - Chicago #14,Chicago,DC Fast Charge,2,0,0.486,0,9
EV00074,Electrify America - Chicago #14,Chicago,DC Fast Charge,1,1,0.559,0,10
EV00074,Electrify America - Chicago #14,Chicago,DC Fast Charge,1,1,0.5,0,11
EV00074,Electrify America - Chicago #14,Chicago,DC Fast Charge,1,1,0.502,0,12
EV00074,Electrify America - Chicago #14,Chicago,DC Fast Charge,1,1,0.553,0,13
EV00074,Electrify America - Chicago #14,Chicago,DC Fast Charge,2,0,0.409,0,14
EV00074,Electrify America - Chicago #14,Chicago,DC Fast Charge,1,1,0.502,0,15
EV00074,Electrify America - Chicago #14,Chicago,DC Fast Charge,2,0,0.384,0,16
EV00074,Electrify America - Chicago #14,Chicago,DC Fast Charge,1,1,0.566,0,17
EV00074,Electrify America - Chicago #14,Chicago,DC Fast Charge,1,1,0.609,0,18
EV00074,Electrify America - Chicago #14,Chicago,DC Fast Charge,2,0,0.428,0,19
EV00074,Electrify America - Chicago #14,Chicago,DC Fast Charge,0,0,0.309,9,20
EV00074,Electrify America - Chicago #14,Chicago,DC Fast Charge,2,0,0.337,0,21
EV00074,Electrify America - Chicago #14,Chicago,DC Fast Charge,2,0,0.236,0,22
EV00074,Electrify America - Chicago #14,Chicago,DC Fast Charge,2,0,0.215,0,23
EV00075,ChargePoint - Minneapolis #15,Minneapolis,DC Fast Charge,4,0,0.205,0,0
EV00075,ChargePoint - Minneapolis #15,Minneapolis,DC Fast Charge,4,0,0.212,0,1
EV00075,ChargePoint - Minneapolis #15,Minneapolis,DC Fast Charge,4,0,0.206,0,2
EV00075,ChargePoint - Minneapolis #15,Minneapolis,DC Fast Charge,4,0,0.203,0,3
EV00075,ChargePoint - Minneapolis #15,Minneapolis,DC Fast Charge,4,0,0.189,0,4
EV00075,ChargePoint - Minneapolis #15,Minneapolis,DC Fast Charge,4,0,0.132,0,5
EV00075,ChargePoint - Minneapolis #15,Minneapolis,DC Fast Charge,4,0,0.102,0,6
EV00075,ChargePoint - Minneapolis #15,Minneapolis,DC Fast Charge,4,0,0.081,0,7
EV00075,ChargePoint - Minneapolis #15,Minneapolis,DC Fast Charge,4,0,0.034,0,8
EV00075,ChargePoint - Minneapolis #15,Minneapolis,DC Fast Charge,4,0,0.052,0,9
EV00075,ChargePoint - Minneapolis #15,Minneapolis,DC Fast Charge,4,0,0.083,0,10
EV00075,ChargePoint - Minneapolis #15,Minneapolis,DC Fast Charge,4,0,0.074,0,11
EV00075,ChargePoint - Minneapolis #15,Minneapolis,DC Fast Charge,4,0,0.117,0,12
EV00075,ChargePoint - Minneapolis #15,Minneapolis,DC Fast Charge,0,0,0.079,21,13
EV00075,ChargePoint - Minneapolis #15,Minneapolis,DC Fast Charge,4,0,0.091,0,14
EV00075,ChargePoint - Minneapolis #15,Minneapolis,DC Fast Charge,4,0,0.082,0,15
EV00075,ChargePoint - Minneapolis #15,Minneapolis,DC Fast Charge,4,0,0.175,0,16
EV00075,ChargePoint - Minneapolis #15,Minneapolis,DC Fast Charge,3,1,0.321,0,17
EV00075,ChargePoint - Minneapolis #15,Minneapolis,DC Fast Charge,1,0,0.487,0,18
EV00075,ChargePoint - Minneapolis #15,Minneapolis,DC Fast Charge,0,0,0.52,12,19
EV00075,ChargePoint - Minneapolis #15,Minneapolis,DC Fast Charge,2,2,0.593,0,20
EV00075,ChargePoint - Minneapolis #15,Minneapolis,DC Fast Charge,3,1,0.492,0,21
EV00075,ChargePoint - Minneapolis #15,Minneapolis,DC Fast Charge,3,1,0.373,0,22
EV00075,ChargePoint - Minneapolis #15,Minneapolis,DC Fast Charge,3,1,0.376,0,23
EV00076,EVgo - Portland #16,Portland,DC Fast Charge,2,0,0.024,0,0
EV00076,EVgo - Portland #16,Portland,DC Fast Charge,2,0,0.029,0,1
EV00076,EVgo - Portland #16,Portland,DC Fast Charge,2,0,0.025,0,2
EV00076,EVgo - Portland #16,Portland,DC Fast Charge,2,0,0.02,0,3
EV00076,EVgo - Portland #16,Portland,DC Fast Charge,2,0,0.027,0,4
EV00076,EVgo - Portland #16,Portland,DC Fast Charge,2,0,0.04,0,5
EV00076,EVgo - Portland #16,Portland,DC Fast Charge,2,0,0.149,0,6
EV00076,EVgo - Portland #16,Portland,DC Fast Charge,2,0,0.446,0,7
EV00076,EVgo - Portland #16,Portland,DC Fast Charge,1,1,0.799,0,8
EV00076,EVgo - Portland #16,Portland,DC Fast Charge,1,1,0.98,0,9
EV00076,EVgo - Portland #16,Portland,DC Fast Charge,1,1,0.915,0,10
EV00076,EVgo - Portland #16,Portland,DC Fast Charge,1,1,0.98,0,11
EV00076,EVgo - Portland #16,Portland,DC Fast Charge,1,1,0.98,0,12
EV00076,EVgo - Portland #16,Portland,DC Fast Charge,1,1,0.98,0,13
EV00076,EVgo - Portland #16,Portland,DC Fast Charge,1,1,0.98,0,14
EV00076,EVgo - Portland #16,Portland,DC Fast Charge,1,1,0.766,0,15
EV00076,EVgo - Portland #16,Portland,DC Fast Charge,1,1,0.709,0,16
EV00076,EVgo - Portland #16,Portland,DC Fast Charge,1,1,0.503,0,17
EV00076,EVgo - Portland #16,Portland,DC Fast Charge,2,0,0.222,0,18
EV00076,EVgo - Portland #16,Portland,DC Fast Charge,0,0,0.075,10,19
EV00076,EVgo - Portland #16,Portland,DC Fast Charge,2,0,0.051,0,20
EV00076,EVgo - Portland #16,Portland,DC Fast Charge,2,0,0.04,0,21
EV00076,EVgo - Portland #16,Portland,DC Fast Charge,2,0,0.024,0,22
EV00076,EVgo - Portland #16,Portland,DC Fast Charge,0,0,0.027,14,23
EV00077,Volta - Los Angeles #17,Los Angeles,Level 2,6,2,0.35,0,0
EV00077,Volta - Los Angeles #17,Los Angeles,Level 2,7,1,0.225,0,1
EV00077,Volta - Los Angeles #17,Los Angeles,Level 2,7,1,0.127,0,2
EV00077,Volta - Los Angeles #17,Los Angeles,Level 2,8,0,0.106,0,3
EV00077,Volta - Los Angeles #17,Los Angeles,Level 2,7,1,0.13,0,4
EV00077,Volta - Los Angeles #17,Los Angeles,Level 2,7,1,0.148,0,5
EV00077,Volta - Los Angeles #17,Los Angeles,Level 2,7,1,0.214,0,6
EV00077,Volta - Los Angeles #17,Los Angeles,Level 2,6,2,0.324,0,7
EV00077,Volta - Los Angeles #17,Los Angeles,Level 2,5,3,0.495,0,8
EV00077,Volta - Los Angeles #17,Los Angeles,Level 2,3,5,0.652,0,9
EV00077,Volta - Los Angeles #17,Los Angeles,Level 2,1,7,0.91,0,10
EV00077,Volta - Los Angeles #17,Los Angeles,Level 2,4,4,0.621,0,11
EV00077,Volta - Los Angeles #17,Los Angeles,Level 2,1,7,0.919,0,12
EV00077,Volta - Los Angeles #17,Los Angeles,Level 2,2,6,0.832,0,13
EV00077,Volta - Los Angeles #17,Los Angeles,Level 2,3,5,0.75,0,14
EV00077,Volta - Los Angeles #17,Los Angeles,Level 2,2,6,0.821,0,15
EV00077,Volta - Los Angeles #17,Los Angeles,Level 2,4,4,0.61,0,16
EV00077,Volta - Los Angeles #17,Los Angeles,Level 2,1,7,0.977,0,17
EV00077,Volta - Los Angeles #17,Los Angeles,Level 2,2,6,0.789,0,18
EV00077,Volta - Los Angeles #17,Los Angeles,Level 2,3,5,0.652,0,19
EV00077,Volta - Los Angeles #17,Los Angeles,Level 2,4,4,0.507,0,20
EV00077,Volta - Los Angeles #17,Los Angeles,Level 2,4,4,0.557,0,21
EV00077,Volta - Los Angeles #17,Los Angeles,Level 2,5,3,0.48,0,22
EV00077,Volta - Los Angeles #17,Los Angeles,Level 2,4,1,0.367,0,23
EV00078,Shell Recharge - Minneapolis #18,Minneapolis,DC Fast Charge,8,0,0.103,0,0
EV00078,Shell Recharge - Minneapolis #18,Minneapolis,DC Fast Charge,8,0,0.042,0,1
EV00078,Shell Recharge - Minneapolis #18,Minneapolis,DC Fast Charge,8,0,0.027,0,2
EV00078,Shell Recharge - Minneapolis #18,Minneapolis,DC Fast Charge,0,0,0.02,24,3
EV00078,Shell Recharge - Minneapolis #18,Minneapolis,DC Fast Charge,4,0,0.02,0,4
EV00078,Shell Recharge - Minneapolis #18,Minneapolis,DC Fast Charge,8,0,0.054,0,5
EV00078,Shell Recharge - Minneapolis #18,Minneapolis,DC Fast Charge,8,0,0.104,0,6
EV00078,Shell Recharge - Minneapolis #18,Minneapolis,DC Fast Charge,6,2,0.275,0,7
EV00078,Shell Recharge - Minneapolis #18,Minneapolis,DC Fast Charge,6,2,0.308,0,8
EV00078,Shell Recharge - Minneapolis #18,Minneapolis,DC Fast Charge,5,3,0.411,0,9
EV00078,Shell Recharge - Minneapolis #18,Minneapolis,DC Fast Charge,5,3,0.434,0,10
EV00078,Shell Recharge - Minneapolis #18,Minneapolis,DC Fast Charge,3,5,0.659,0,11
EV00078,Shell Recharge - Minneapolis #18,Minneapolis,DC Fast Charge,4,4,0.624,0,12
EV00078,Shell Recharge - Minneapolis #18,Minneapolis,DC Fast Charge,5,3,0.481,0,13
EV00078,Shell Recharge - Minneapolis #18,Minneapolis,DC Fast Charge,4,4,0.51,0,14
EV00078,Shell Recharge - Minneapolis #18,Minneapolis,DC Fast Charge,2,2,0.612,0,15
EV00078,Shell Recharge - Minneapolis #18,Minneapolis,DC Fast Charge,5,3,0.442,0,16
EV00078,Shell Recharge - Minneapolis #18,Minneapolis,DC Fast Charge,4,4,0.61,0,17
EV00078,Shell Recharge - Minneapolis #18,Minneapolis,DC Fast Charge,2,6,0.802,0,18
EV00078,Shell Recharge - Minneapolis #18,Minneapolis,DC Fast Charge,4,4,0.563,0,19
EV00078,Shell Recharge - Minneapolis #18,Minneapolis,DC Fast Charge,4,4,0.613,0,20
EV00078,Shell Recharge - Minneapolis #18,Minneapolis,DC Fast Charge,4,4,0.575,0,21
EV00078,Shell Recharge - Minneapolis #18,Minneapolis,DC Fast Charge,5,3,0.385,0,22
EV00078,Shell Recharge - Minneapolis #18,Minneapolis,DC Fast Charge,7,1,0.16,0,23
EV00079,ChargePoint - Seattle #19,Seattle,Level 2,7,1,0.235,0,0
EV00079,ChargePoint - Seattle #19,Seattle,Level 2,7,1,0.172,0,1
EV00079,ChargePoint - Seattle #19,Seattle,Level 2,7,1,0.14,0,2
EV00079,ChargePoint - Seattle #19,Seattle,Level 2,8,0,0.087,0,3
EV00079,ChargePoint - Seattle #19,Seattle,Level 2,8,0,0.088,0,4
EV00079,ChargePoint - Seattle #19,Seattle,Level 2,8,0,0.118,0,5
EV00079,ChargePoint - Seattle #19,Seattle,Level 2,7,1,0.203,0,6
EV00079,ChargePoint - Seattle #19,Seattle,Level 2,7,1,0.25,0,7
EV00079,ChargePoint - Seattle #19,Seattle,Level 2,0,0,0.543,61,8
EV00079,ChargePoint - Seattle #19,Seattle,Level 2,3,5,0.724,0,9
EV00079,ChargePoint - Seattle #19,Seattle,Level 2,3,5,0.737,0,10
EV00079,ChargePoint - Seattle #19,Seattle,Level 2,1,7,0.909,0,11
EV00079,ChargePoint - Seattle #19,Seattle,Level 2,1,2,0.747,0,12
EV00079,ChargePoint - Seattle #19,Seattle,Level 2,2,6,0.81,0,13
EV00079,ChargePoint - Seattle #19,Seattle,Level 2,2,6,0.862,0,14
EV00079,ChargePoint - Seattle #19,Seattle,Level 2,1,0,0.834,0,15
EV00079,ChargePoint - Seattle #19,Seattle,Level 2,2,6,0.821,0,16
EV00079,ChargePoint - Seattle #19,Seattle,Level 2,1,7,0.958,0,17
EV00079,ChargePoint - Seattle #19,Seattle,Level 2,2,6,0.863,0,18
EV00079,ChargePoint - Seattle #19,Seattle,Level 2,2,6,0.793,0,19
EV00079,ChargePoint - Seattle #19,Seattle,Level 2,3,5,0.72,0,20
EV00079,ChargePoint - Seattle #19,Seattle,Level 2,5,3,0.467,0,21
EV00079,ChargePoint - Seattle #19,Seattle,Level 2,6,2,0.296,0,22
EV00079,ChargePoint - Seattle #19,Seattle,Level 2,6,2,0.258,0,23
EV00080,Shell Recharge - Seattle #20,Seattle,DC Fast Charge,8,0,0.108,0,0
EV00080,Shell Recharge - Seattle #20,Seattle,DC Fast Charge,8,0,0.074,0,1
EV00080,Shell Recharge - Seattle #20,Seattle,DC Fast Charge,8,0,0.032,0,2
EV00080,Shell Recharge - Seattle #20,Seattle,DC Fast Charge,8,0,0.027,0,3
EV00080,Shell Recharge - Seattle #20,Seattle,DC Fast Charge,8,0,0.02,0,4
EV00080,Shell Recharge - Seattle #20,Seattle,DC Fast Charge,8,0,0.054,0,5
EV00080,Shell Recharge - Seattle #20,Seattle,DC Fast Charge,7,1,0.149,0,6
EV00080,Shell Recharge - Seattle #20,Seattle,DC Fast Charge,6,2,0.261,0,7
EV00080,Shell Recharge - Seattle #20,Seattle,DC Fast Charge,4,4,0.513,0,8
EV00080,Shell Recharge - Seattle #20,Seattle,DC Fast Charge,4,4,0.578,0,9
EV00080,Shell Recharge - Seattle #20,Seattle,DC Fast Charge,4,4,0.621,0,10
EV00080,Shell Recharge - Seattle #20,Seattle,DC Fast Charge,4,4,0.599,0,11
EV00080,Shell Recharge - Seattle #20,Seattle,DC Fast Charge,2,6,0.82,0,12
EV00080,Shell Recharge - Seattle #20,Seattle,DC Fast Charge,1,7,0.98,0,13
EV00080,Shell Recharge - Seattle #20,Seattle,DC Fast Charge,2,6,0.819,0,14
EV00080,Shell Recharge - Seattle #20,Seattle,DC Fast Charge,3,5,0.677,0,15
EV00080,Shell Recharge - Seattle #20,Seattle,DC Fast Charge,0,0,0.877,10,16
EV00080,Shell Recharge - Seattle #20,Seattle,DC Fast Charge,2,6,0.78,0,17
EV00080,Shell Recharge - Seattle #20,Seattle,DC Fast Charge,1,7,0.98,0,18
EV00080,Shell Recharge - Seattle #20,Seattle,DC Fast Charge,1,7,0.98,0,19
EV00080,Shell Recharge - Seattle #20,Seattle,DC Fast Charge,1,7,0.951,0,20
EV00080,Shell Recharge - Seattle #20,Seattle,DC Fast Charge,3,5,0.667,0,21
EV00080,Shell Recharge - Seattle #20,Seattle,DC Fast Charge,4,4,0.56,0,22
EV00080,Shell Recharge - Seattle #20,Seattle,DC Fast Charge,6,2,0.255,0,23
EV00081,Blink - Seattle #1,Seattle,Level 2,4,0,0.152,0,0
EV00081,Blink - Seattle #1,Seattle,Level 2,0,0,0.071,83,1
EV00081,Blink - Seattle #1,Seattle,Level 2,4,0,0.032,0,2
EV00081,Blink - Seattle #1,Seattle,Level 2,1,0,0.024,0,3
EV00081,Blink - Seattle #1,Seattle,Level 2,4,0,0.02,0,4
EV00081,Blink - Seattle #1,Seattle,Level 2,4,0,0.071,0,5
EV00081,Blink - Seattle #1,Seattle,Level 2,4,0,0.12,0,6
EV00081,Blink - Seattle #1,Seattle,Level 2,3,1,0.355,0,7
EV00081,Blink - Seattle #1,Seattle,Level 2,2,2,0.643,0,8
EV00081,Blink - Seattle #1,Seattle,Level 2,2,2,0.679,0,9
EV00081,Blink - Seattle #1,Seattle,Level 2,1,1,0.602,0,10
EV00081,Blink - Seattle #1,Seattle,Level 2,1,3,0.804,0,11
EV00081,Blink - Seattle #1,Seattle,Level 2,1,3,0.98,0,12
EV00081,Blink - Seattle #1,Seattle,Level 2,1,3,0.815,0,13
EV00081,Blink - Seattle #1,Seattle,Level 2,1,3,0.765,0,14
EV00081,Blink - Seattle #1,Seattle,Level 2,1,3,0.896,0,15
EV00081,Blink - Seattle #1,Seattle,Level 2,1,3,0.811,0,16
EV00081,Blink - Seattle #1,Seattle,Level 2,1,0,0.684,0,17
EV00081,Blink - Seattle #1,Seattle,Level 2,1,3,0.809,0,18
EV00081,Blink - Seattle #1,Seattle,Level 2,1,3,0.829,0,19
EV00081,Blink - Seattle #1,Seattle,Level 2,1,3,0.761,0,20
EV00081,Blink - Seattle #1,Seattle,Level 2,2,2,0.648,0,21
EV00081,Blink - Seattle #1,Seattle,Level 2,2,2,0.561,0,22
EV00081,Blink - Seattle #1,Seattle,Level 2,4,0,0.202,0,23
EV00082,Electrify America - Las Vegas #2,Las Vegas,DC Fast Charge,2,0,0.258,0,0
EV00082,Electrify America - Las Vegas #2,Las Vegas,DC Fast Charge,2,0,0.107,0,1
EV00082,Electrify America - Las Vegas #2,Las Vegas,DC Fast Charge,2,0,0.122,0,2
EV00082,Electrify America - Las Vegas #2,Las Vegas,DC Fast Charge,2,0,0.088,0,3
EV00082,Electrify America - Las Vegas #2,Las Vegas,DC Fast Charge,0,0,0.086,11,4
EV00082,Electrify America - Las Vegas #2,Las Vegas,DC Fast Charge,2,0,0.098,0,5
EV00082,Electrify America - Las Vegas #2,Las Vegas,DC Fast Charge,2,0,0.124,0,6
EV00082,Electrify America - Las Vegas #2,Las Vegas,DC Fast Charge,2,0,0.304,0,7
EV00082,Electrify America - Las Vegas #2,Las Vegas,DC Fast Charge,0,0,0.303,16,8
EV00082,Electrify America - Las Vegas #2,Las Vegas,DC Fast Charge,1,1,0.667,0,9
EV00082,Electrify America - Las Vegas #2,Las Vegas,DC Fast Charge,1,1,0.599,0,10
EV00082,Electrify America - Las Vegas #2,Las Vegas,DC Fast Charge,1,1,0.595,0,11
EV00082,Electrify America - Las Vegas #2,Las Vegas,DC Fast Charge,1,1,0.613,0,12
EV00082,Electrify America - Las Vegas #2,Las Vegas,DC Fast Charge,2,0,0.436,0,13
EV00082,Electrify America - Las Vegas #2,Las Vegas,DC Fast Charge,1,1,0.745,0,14
EV00082,Electrify America - Las Vegas #2,Las Vegas,DC Fast Charge,2,0,0.396,0,15
EV00082,Electrify America - Las Vegas #2,Las Vegas,DC Fast Charge,2,0,0.475,0,16
EV00082,Electrify America - Las Vegas #2,Las Vegas,DC Fast Charge,1,1,0.683,0,17
EV00082,Electrify America - Las Vegas #2,Las Vegas,DC Fast Charge,2,0,0.473,0,18
EV00082,Electrify America - Las Vegas #2,Las Vegas,DC Fast Charge,2,0,0.438,0,19
EV00082,Electrify America - Las Vegas #2,Las Vegas,DC Fast Charge,2,0,0.325,0,20
EV00082,Electrify America - Las Vegas #2,Las Vegas,DC Fast Charge,2,0,0.47,0,21
EV00082,Electrify America - Las Vegas #2,Las Vegas,DC Fast Charge,2,0,0.377,0,22
EV00082,Electrify America - Las Vegas #2,Las Vegas,DC Fast Charge,2,0,0.237,0,23
EV00083,Shell Recharge - Atlanta #3,Atlanta,DC Fast Charge,2,0,0.02,0,0
EV00083,Shell Recharge - Atlanta #3,Atlanta,DC Fast Charge,2,0,0.02,0,1
EV00083,Shell Recharge - Atlanta #3,Atlanta,DC Fast Charge,2,0,0.02,0,2
EV00083,Shell Recharge - Atlanta #3,Atlanta,DC Fast Charge,2,0,0.02,0,3
EV00083,Shell Recharge - Atlanta #3,Atlanta,DC Fast Charge,2,0,0.02,0,4
EV00083,Shell Recharge - Atlanta #3,Atlanta,DC Fast Charge,2,0,0.027,0,5
EV00083,Shell Recharge - Atlanta #3,Atlanta,DC Fast Charge,2,0,0.074,0,6
EV00083,Shell Recharge - Atlanta #3,Atlanta,DC Fast Charge,2,0,0.35,0,7
EV00083,Shell Recharge - Atlanta #3,Atlanta,DC Fast Charge,1,1,0.695,0,8
EV00083,Shell Recharge - Atlanta #3,Atlanta,DC Fast Charge,0,0,0.856,9,9
EV00083,Shell Recharge - Atlanta #3,Atlanta,DC Fast Charge,1,1,0.833,0,10
EV00083,Shell Recharge - Atlanta #3,Atlanta,DC Fast Charge,1,0,0.608,0,11
EV00083,Shell Recharge - Atlanta #3,Atlanta,DC Fast Charge,1,1,0.595,0,12
EV00083,Shell Recharge - Atlanta #3,Atlanta,DC Fast Charge,1,1,0.755,0,13
EV00083,Shell Recharge - Atlanta #3,Atlanta,DC Fast Charge,1,1,0.736,0,14
EV00083,Shell Recharge - Atlanta #3,Atlanta,DC Fast Charge,1,1,0.556,0,15
EV00083,Shell Recharge - Atlanta #3,Atlanta,DC Fast Charge,2,0,0.493,0,16
EV00083,Shell Recharge - Atlanta #3,Atlanta,DC Fast Charge,2,0,0.328,0,17
EV00083,Shell Recharge - Atlanta #3,Atlanta,DC Fast Charge,0,0,0.132,25,18
EV00083,Shell Recharge - Atlanta #3,Atlanta,DC Fast Charge,2,0,0.052,0,19
EV00083,Shell Recharge - Atlanta #3,Atlanta,DC Fast Charge,2,0,0.043,0,20
EV00083,Shell Recharge - Atlanta #3,Atlanta,DC Fast Charge,2,0,0.025,0,21
EV00083,Shell Recharge - Atlanta #3,Atlanta,DC Fast Charge,2,0,0.02,0,22
EV00083,Shell Recharge - Atlanta #3,Atlanta,DC Fast Charge,2,0,0.02,0,23
EV00084,EVCS - Phoenix #4,Phoenix,DC Fast Charge,8,0,0.108,0,0
EV00084,EVCS - Phoenix #4,Phoenix,DC Fast Charge,8,0,0.045,0,1
EV00084,EVCS - Phoenix #4,Phoenix,DC Fast Charge,8,0,0.028,0,2
EV00084,EVCS - Phoenix #4,Phoenix,DC Fast Charge,8,0,0.021,0,3
EV00084,EVCS - Phoenix #4,Phoenix,DC Fast Charge,8,0,0.022,0,4
EV00084,EVCS - Phoenix #4,Phoenix,DC Fast Charge,8,0,0.052,0,5
EV00084,EVCS - Phoenix #4,Phoenix,DC Fast Charge,8,0,0.122,0,6
EV00084,EVCS - Phoenix #4,Phoenix,DC Fast Charge,2,0,0.275,0,7
EV00084,EVCS - Phoenix #4,Phoenix,DC Fast Charge,6,2,0.287,0,8
EV00084,EVCS - Phoenix #4,Phoenix,DC Fast Charge,4,4,0.525,0,9
EV00084,EVCS - Phoenix #4,Phoenix,DC Fast Charge,3,5,0.655,0,10
EV00084,EVCS - Phoenix #4,Phoenix,DC Fast Charge,4,4,0.562,0,11
EV00084,EVCS - Phoenix #4,Phoenix,DC Fast Charge,2,2,0.674,0,12
EV00084,EVCS - Phoenix #4,Phoenix,DC Fast Charge,2,6,0.781,0,13
EV00084,EVCS - Phoenix #4,Phoenix,DC Fast Charge,3,5,0.655,0,14
EV00084,EVCS - Phoenix #4,Phoenix,DC Fast Charge,3,5,0.735,0,15
EV00084,EVCS - Phoenix #4,Phoenix,DC Fast Charge,0,0,0.47,16,16
EV00084,EVCS - Phoenix #4,Phoenix,DC Fast Charge,5,3,0.456,0,17
EV00084,EVCS - Phoenix #4,Phoenix,DC Fast Charge,1,7,0.922,0,18
EV00084,EVCS - Phoenix #4,Phoenix,DC Fast Charge,2,6,0.77,0,19
EV00084,EVCS - Phoenix #4,Phoenix,DC Fast Charge,2,6,0.753,0,20
EV00084,EVCS - Phoenix #4,Phoenix,DC Fast Charge,4,4,0.612,0,21
EV00084,EVCS - Phoenix #4,Phoenix,DC Fast Charge,6,2,0.263,0,22
EV00084,EVCS - Phoenix #4,Phoenix,DC Fast Charge,7,1,0.171,0,23
EV00085,ChargePoint - Phoenix #5,Phoenix,DC Fast Charge,6,0,0.082,0,0
EV00085,ChargePoint - Phoenix #5,Phoenix,DC Fast Charge,6,0,0.04,0,1
EV00085,ChargePoint - Phoenix #5,Phoenix,DC Fast Charge,6,0,0.033,0,2
EV00085,ChargePoint - Phoenix #5,Phoenix,DC Fast Charge,6,0,0.02,0,3
EV00085,ChargePoint - Phoenix #5,Phoenix,DC Fast Charge,6,0,0.02,0,4
EV00085,ChargePoint - Phoenix #5,Phoenix,DC Fast Charge,6,0,0.049,0,5
EV00085,ChargePoint - Phoenix #5,Phoenix,DC Fast Charge,6,0,0.103,0,6
EV00085,ChargePoint - Phoenix #5,Phoenix,DC Fast Charge,5,1,0.31,0,7
EV00085,ChargePoint - Phoenix #5,Phoenix,DC Fast Charge,4,2,0.387,0,8
EV00085,ChargePoint - Phoenix #5,Phoenix,DC Fast Charge,4,2,0.483,0,9
EV00085,ChargePoint - Phoenix #5,Phoenix,DC Fast Charge,3,3,0.617,0,10
EV00085,ChargePoint - Phoenix #5,Phoenix,DC Fast Charge,4,2,0.495,0,11
EV00085,ChargePoint - Phoenix #5,Phoenix,DC Fast Charge,2,4,0.712,0,12
EV00085,ChargePoint - Phoenix #5,Phoenix,DC Fast Charge,3,3,0.568,0,13
EV00085,ChargePoint - Phoenix #5,Phoenix,DC Fast Charge,3,3,0.611,0,14
EV00085,ChargePoint - Phoenix #5,Phoenix,DC Fast Charge,2,4,0.674,0,15
EV00085,ChargePoint - Phoenix #5,Phoenix,DC Fast Charge,0,0,0.614,18,16
EV00085,ChargePoint - Phoenix #5,Phoenix,DC Fast Charge,3,3,0.578,0,17
EV00085,ChargePoint - Phoenix #5,Phoenix,DC Fast Charge,2,4,0.68,0,18
EV00085,ChargePoint - Phoenix #5,Phoenix,DC Fast Charge,3,3,0.667,0,19
EV00085,ChargePoint - Phoenix #5,Phoenix,DC Fast Charge,3,3,0.519,0,20
EV00085,ChargePoint - Phoenix #5,Phoenix,DC Fast Charge,0,0,0.425,23,21
EV00085,ChargePoint - Phoenix #5,Phoenix,DC Fast Charge,5,1,0.291,0,22
EV00085,ChargePoint - Phoenix #5,Phoenix,DC Fast Charge,2,0,0.154,0,23
EV00086,Blink - Phoenix #6,Phoenix,DC Fast Charge,4,0,0.112,0,0
EV00086,Blink - Phoenix #6,Phoenix,DC Fast Charge,0,0,0.048,13,1
EV00086,Blink - Phoenix #6,Phoenix,DC Fast Charge,4,0,0.03,0,2
EV00086,Blink - Phoenix #6,Phoenix,DC Fast Charge,4,0,0.02,0,3
EV00086,Blink - Phoenix #6,Phoenix,DC Fast Charge,4,0,0.024,0,4
EV00086,Blink - Phoenix #6,Phoenix,DC Fast Charge,0,0,0.064,9,5
EV00086,Blink - Phoenix #6,Phoenix,DC Fast Charge,4,0,0.096,0,6
EV00086,Blink - Phoenix #6,Phoenix,DC Fast Charge,2,0,0.251,0,7
EV00086,Blink - Phoenix #6,Phoenix,DC Fast Charge,2,0,0.401,0,8
EV00086,Blink - Phoenix #6,Phoenix,DC Fast Charge,3,1,0.425,0,9
EV00086,Blink - Phoenix #6,Phoenix,DC Fast Charge,2,2,0.552,0,10
EV00086,Blink - Phoenix #6,Phoenix,DC Fast Charge,1,3,0.884,0,11
EV00086,Blink - Phoenix #6,Phoenix,DC Fast Charge,2,2,0.618,0,12
EV00086,Blink - Phoenix #6,Phoenix,DC Fast Charge,2,2,0.657,0,13
EV00086,Blink - Phoenix #6,Phoenix,DC Fast Charge,3,1,0.469,0,14
EV00086,Blink - Phoenix #6,Phoenix,DC Fast Charge,1,0,0.563,0,15
EV00086,Blink - Phoenix #6,Phoenix,DC Fast Charge,0,0,0.434,12,16
EV00086,Blink - Phoenix #6,Phoenix,DC Fast Charge,3,1,0.465,0,17
EV00086,Blink - Phoenix #6,Phoenix,DC Fast Charge,1,3,0.802,0,18
EV00086,Blink - Phoenix #6,Phoenix,DC Fast Charge,2,2,0.717,0,19
EV00086,Blink - Phoenix #6,Phoenix,DC Fast Charge,0,0,0.774,8,20
EV00086,Blink - Phoenix #6,Phoenix,DC Fast Charge,3,1,0.412,0,21
EV00086,Blink - Phoenix #6,Phoenix,DC Fast Charge,3,1,0.272,0,22
EV00086,Blink - Phoenix #6,Phoenix,DC Fast Charge,4,0,0.16,0,23
EV00087,Shell Recharge - Austin #7,Austin,DC Fast Charge,5,1,0.243,0,0
EV00087,Shell Recharge - Austin #7,Austin,DC Fast Charge,6,0,0.153,0,1
EV00087,Shell Recharge - Austin #7,Austin,DC Fast Charge,6,0,0.12,0,2
EV00087,Shell Recharge - Austin #7,Austin,DC Fast Charge,6,0,0.107,0,3
EV00087,Shell Recharge - Austin #7,Austin,DC Fast Charge,6,0,0.093,0,4
EV00087,Shell Recharge - Austin #7,Austin,DC Fast Charge,6,0,0.098,0,5
EV00087,Shell Recharge - Austin #7,Austin,DC Fast Charge,6,0,0.155,0,6
EV00087,Shell Recharge - Austin #7,Austin,DC Fast Charge,5,1,0.255,0,7
EV00087,Shell Recharge - Austin #7,Austin,DC Fast Charge,4,2,0.474,0,8
EV00087,Shell Recharge - Austin #7,Austin,DC Fast Charge,4,2,0.476,0,9
EV00087,Shell Recharge - Austin #7,Austin,DC Fast Charge,2,4,0.698,0,10
EV00087,Shell Recharge - Austin #7,Austin,DC Fast Charge,2,4,0.76,0,11
EV00087,Shell Recharge - Austin #7,Austin,DC Fast Charge,1,5,0.863,0,12
EV00087,Shell Recharge - Austin #7,Austin,DC Fast Charge,3,3,0.594,0,13
EV00087,Shell Recharge - Austin #7,Austin,DC Fast Charge,4,2,0.456,0,14
EV00087,Shell Recharge - Austin #7,Austin,DC Fast Charge,3,3,0.53,0,15
EV00087,Shell Recharge - Austin #7,Austin,DC Fast Charge,3,3,0.649,0,16
EV00087,Shell Recharge - Austin #7,Austin,DC Fast Charge,2,4,0.812,0,17
EV00087,Shell Recharge - Austin #7,Austin,DC Fast Charge,2,4,0.69,0,18
EV00087,Shell Recharge - Austin #7,Austin,DC Fast Charge,2,4,0.744,0,19
EV00087,Shell Recharge - Austin #7,Austin,DC Fast Charge,0,0,0.702,14,20
EV00087,Shell Recharge - Austin #7,Austin,DC Fast Charge,0,0,0.465,15,21
EV00087,Shell Recharge - Austin #7,Austin,DC Fast Charge,2,1,0.393,0,22
EV00087,Shell Recharge - Austin #7,Austin,DC Fast Charge,5,1,0.28,0,23
EV00088,Shell Recharge - Atlanta #8,Atlanta,DC Fast Charge,19,1,0.098,0,0
EV00088,Shell Recharge - Atlanta #8,Atlanta,DC Fast Charge,19,1,0.078,0,1
EV00088,Shell Recharge - Atlanta #8,Atlanta,DC Fast Charge,20,0,0.038,0,2
EV00088,Shell Recharge - Atlanta #8,Atlanta,DC Fast Charge,20,0,0.033,0,3
EV00088,Shell Recharge - Atlanta #8,Atlanta,DC Fast Charge,20,0,0.046,0,4
EV00088,Shell Recharge - Atlanta #8,Atlanta,DC Fast Charge,19,1,0.072,0,5
EV00088,Shell Recharge - Atlanta #8,Atlanta,DC Fast Charge,17,3,0.182,0,6
EV00088,Shell Recharge - Atlanta #8,Atlanta,DC Fast Charge,12,8,0.435,0,7
EV00088,Shell Recharge - Atlanta #8,Atlanta,DC Fast Charge,12,8,0.437,0,8
EV00088,Shell Recharge - Atlanta #8,Atlanta,DC Fast Charge,13,7,0.39,0,9
EV00088,Shell Recharge - Atlanta #8,Atlanta,DC Fast Charge,3,2,0.557,0,10
EV00088,Shell Recharge - Atlanta #8,Atlanta,DC Fast Charge,11,9,0.453,0,11
EV00088,Shell Recharge - Atlanta #8,Atlanta,DC Fast Charge,11,9,0.455,0,12
EV00088,Shell Recharge - Atlanta #8,Atlanta,DC Fast Charge,13,7,0.385,0,13
EV00088,Shell Recharge - Atlanta #8,Atlanta,DC Fast Charge,9,11,0.558,0,14
EV00088,Shell Recharge - Atlanta #8,Atlanta,DC Fast Charge,10,10,0.515,0,15
EV00088,Shell Recharge - Atlanta #8,Atlanta,DC Fast Charge,13,7,0.389,0,16
EV00088,Shell Recharge - Atlanta #8,Atlanta,DC Fast Charge,7,13,0.66,0,17
EV00088,Shell Recharge - Atlanta #8,Atlanta,DC Fast Charge,11,9,0.466,0,18
EV00088,Shell Recharge - Atlanta #8,Atlanta,DC Fast Charge,11,9,0.468,0,19
EV00088,Shell Recharge - Atlanta #8,Atlanta,DC Fast Charge,13,7,0.37,0,20
EV00088,Shell Recharge - Atlanta #8,Atlanta,DC Fast Charge,15,5,0.286,0,21
EV00088,Shell Recharge - Atlanta #8,Atlanta,DC Fast Charge,17,3,0.169,0,22
EV00088,Shell Recharge - Atlanta #8,Atlanta,DC Fast Charge,17,3,0.188,0,23
EV00089,Blink - Denver #9,Denver,Level 2,0,0,0.117,116,0
EV00089,Blink - Denver #9,Denver,Level 2,6,0,0.062,0,1
EV00089,Blink - Denver #9,Denver,Level 2,6,0,0.031,0,2
EV00089,Blink - Denver #9,Denver,Level 2,6,0,0.02,0,3
EV00089,Blink - Denver #9,Denver,Level 2,6,0,0.024,0,4
EV00089,Blink - Denver #9,Denver,Level 2,6,0,0.048,0,5
EV00089,Blink - Denver #9,Denver,Level 2,0,0,0.13,65,6
EV00089,Blink - Denver #9,Denver,Level 2,5,1,0.214,0,7
EV00089,Blink - Denver #9,Denver,Level 2,4,2,0.497,0,8
EV00089,Blink - Denver #9,Denver,Level 2,3,3,0.577,0,9
EV00089,Blink - Denver #9,Denver,Level 2,2,4,0.721,0,10
EV00089,Blink - Denver #9,Denver,Level 2,2,4,0.765,0,11
EV00089,Blink - Denver #9,Denver,Level 2,2,2,0.695,0,12
EV00089,Blink - Denver #9,Denver,Level 2,1,5,0.856,0,13
EV00089,Blink - Denver #9,Denver,Level 2,1,5,0.875,0,14
EV00089,Blink - Denver #9,Denver,Level 2,0,0,0.747,123,15
EV00089,Blink - Denver #9,Denver,Level 2,3,3,0.515,0,16
EV00089,Blink - Denver #9,Denver,Level 2,1,5,0.841,0,17
EV00089,Blink - Denver #9,Denver,Level 2,1,5,0.95,0,18
EV00089,Blink - Denver #9,Denver,Level 2,1,5,0.842,0,19
EV00089,Blink - Denver #9,Denver,Level 2,2,4,0.704,0,20
EV00089,Blink - Denver #9,Denver,Level 2,3,3,0.55,0,21
EV00089,Blink - Denver #9,Denver,Level 2,2,1,0.349,0,22
EV00089,Blink - Denver #9,Denver,Level 2,5,1,0.258,0,23
EV00090,Volta - Las Vegas #10,Las Vegas,Level 2,9,1,0.147,0,0
EV00090,Volta - Las Vegas #10,Las Vegas,Level 2,10,0,0.081,0,1
EV00090,Volta - Las Vegas #10,Las Vegas,Level 2,10,0,0.057,0,2
EV00090,Volta - Las Vegas #10,Las Vegas,Level 2,3,0,0.044,0,3
EV00090,Volta - Las Vegas #10,Las Vegas,Level 2,10,0,0.039,0,4
EV00090,Volta - Las Vegas #10,Las Vegas,Level 2,10,0,0.088,0,5
EV00090,Volta - Las Vegas #10,Las Vegas,Level 2,8,2,0.249,0,6
EV00090,Volta - Las Vegas #10,Las Vegas,Level 2,3,2,0.529,0,7
EV00090,Volta - Las Vegas #10,Las Vegas,Level 2,5,5,0.502,0,8
EV00090,Volta - Las Vegas #10,Las Vegas,Level 2,6,4,0.431,0,9
EV00090,Volta - Las Vegas #10,Las Vegas,Level 2,4,6,0.602,0,10
EV00090,Volta - Las Vegas #10,Las Vegas,Level 2,4,6,0.628,0,11
EV00090,Volta - Las Vegas #10,Las Vegas,Level 2,5,5,0.566,0,12
EV00090,Volta - Las Vegas #10,Las Vegas,Level 2,5,5,0.504,0,13
EV00090,Volta - Las Vegas #10,Las Vegas,Level 2,6,4,0.403,0,14
EV00090,Volta - Las Vegas #10,Las Vegas,Level 2,0,0,0.608,103,15
EV00090,Volta - Las Vegas #10,Las Vegas,Level 2,3,7,0.783,0,16
EV00090,Volta - Las Vegas #10,Las Vegas,Level 2,2,8,0.842,0,17
EV00090,Volta - Las Vegas #10,Las Vegas,Level 2,2,8,0.872,0,18
EV00090,Volta - Las Vegas #10,Las Vegas,Level 2,3,1,0.452,0,19
EV00090,Volta - Las Vegas #10,Las Vegas,Level 2,5,5,0.504,0,20
EV00090,Volta - Las Vegas #10,Las Vegas,Level 2,8,2,0.29,0,21
EV00090,Volta - Las Vegas #10,Las Vegas,Level 2,8,2,0.254,0,22
EV00090,Volta - Las Vegas #10,Las Vegas,Level 2,9,1,0.189,0,23
EV00091,ChargePoint - San Diego #11,San Diego,Level 2,9,1,0.144,0,0
EV00091,ChargePoint - San Diego #11,San Diego,Level 2,10,0,0.06,0,1
EV00091,ChargePoint - San Diego #11,San Diego,Level 2,0,0,0.036,127,2
EV00091,ChargePoint - San Diego #11,San Diego,Level 2,10,0,0.025,0,3
EV00091,ChargePoint - San Diego #11,San Diego,Level 2,10,0,0.033,0,4
EV00091,ChargePoint - San Diego #11,San Diego,Level 2,10,0,0.056,0,5
EV00091,ChargePoint - San Diego #11,San Diego,Level 2,9,1,0.128,0,6
EV00091,ChargePoint - San Diego #11,San Diego,Level 2,8,2,0.255,0,7
EV00091,ChargePoint - San Diego #11,San Diego,Level 2,3,3,0.588,0,8
EV00091,ChargePoint - San Diego #11,San Diego,Level 2,6,4,0.455,0,9
EV00091,ChargePoint - San Diego #11,San Diego,Level 2,2,8,0.816,0,10
EV00091,ChargePoint - San Diego #11,San Diego,Level 2,2,8,0.817,0,11
EV00091,ChargePoint - San Diego #11,San Diego,Level 2,2,8,0.805,0,12
EV00091,ChargePoint - San Diego #11,San Diego,Level 2,1,9,0.98,0,13
EV00091,ChargePoint - San Diego #11,San Diego,Level 2,4,6,0.612,0,14
EV00091,ChargePoint - San Diego #11,San Diego,Level 2,5,5,0.575,0,15
EV00091,ChargePoint - San Diego #11,San Diego,Level 2,0,0,0.6,61,16
EV00091,ChargePoint - San Diego #11,San Diego,Level 2,2,8,0.805,0,17
EV00091,ChargePoint - San Diego #11,San Diego,Level 2,1,9,0.973,0,18
EV00091,ChargePoint - San Diego #11,San Diego,Level 2,1,4,0.98,0,19
EV00091,ChargePoint - San Diego #11,San Diego,Level 2,0,0,0.899,75,20
EV00091,ChargePoint - San Diego #11,San Diego,Level 2,5,5,0.525,0,21
EV00091,ChargePoint - San Diego #11,San Diego,Level 2,6,4,0.495,0,22
EV00091,ChargePoint - San Diego #11,San Diego,Level 2,8,2,0.213,0,23
EV00092,Tesla Supercharger - San Diego #12,San Diego,Tesla DC Fast,20,4,0.189,0,0
EV00092,Tesla Supercharger - San Diego #12,San Diego,Tesla DC Fast,22,2,0.092,0,1
EV00092,Tesla Supercharger - San Diego #12,San Diego,Tesla DC Fast,5,0,0.049,0,2
EV00092,Tesla Supercharger - San Diego #12,San Diego,Tesla DC Fast,23,1,0.06,0,3
EV00092,Tesla Supercharger - San Diego #12,San Diego,Tesla DC Fast,23,1,0.057,0,4
EV00092,Tesla Supercharger - San Diego #12,San Diego,Tesla DC Fast,21,3,0.129,0,5
EV00092,Tesla Supercharger - San Diego #12,San Diego,Tesla DC Fast,16,8,0.374,0,6
EV00092,Tesla Supercharger - San Diego #12,San Diego,Tesla DC Fast,12,12,0.536,0,7
EV00092,Tesla Supercharger - San Diego #12,San Diego,Tesla DC Fast,9,15,0.643,0,8
EV00092,Tesla Supercharger - San Diego #12,San Diego,Tesla DC Fast,7,17,0.71,0,9
EV00092,Tesla Supercharger - San Diego #12,San Diego,Tesla DC Fast,11,13,0.557,0,10
EV00092,Tesla Supercharger - San Diego #12,San Diego,Tesla DC Fast,0,0,0.691,22,11
EV00092,Tesla Supercharger - San Diego #12,San Diego,Tesla DC Fast,10,14,0.59,0,12
EV00092,Tesla Supercharger - San Diego #12,San Diego,Tesla DC Fast,7,8,0.544,0,13
EV00092,Tesla Supercharger - San Diego #12,San Diego,Tesla DC Fast,7,17,0.71,0,14
EV00092,Tesla Supercharger - San Diego #12,San Diego,Tesla DC Fast,0,0,0.688,24,15
EV00092,Tesla Supercharger - San Diego #12,San Diego,Tesla DC Fast,2,22,0.93,0,16
EV00092,Tesla Supercharger - San Diego #12,San Diego,Tesla DC Fast,1,23,0.98,0,17
EV00092,Tesla Supercharger - San Diego #12,San Diego,Tesla DC Fast,1,23,0.98,0,18
EV00092,Tesla Supercharger - San Diego #12,San Diego,Tesla DC Fast,4,20,0.875,0,19
EV00092,Tesla Supercharger - San Diego #12,San Diego,Tesla DC Fast,0,0,0.7,10,20
EV00092,Tesla Supercharger - San Diego #12,San Diego,Tesla DC Fast,10,14,0.598,0,21
EV00092,Tesla Supercharger - San Diego #12,San Diego,Tesla DC Fast,14,10,0.439,0,22
EV00092,Tesla Supercharger - San Diego #12,San Diego,Tesla DC Fast,19,5,0.226,0,23
EV00093,Volta - Portland #13,Portland,Level 2,8,0,0.028,0,0
EV00093,Volta - Portland #13,Portland,Level 2,8,0,0.024,0,1
EV00093,Volta - Portland #13,Portland,Level 2,8,0,0.028,0,2
EV00093,Volta - Portland #13,Portland,Level 2,8,0,0.028,0,3
EV00093,Volta - Portland #13,Portland,Level 2,8,0,0.025,0,4
EV00093,Volta - Portland #13,Portland,Level 2,8,0,0.036,0,5
EV00093,Volta - Portland #13,Portland,Level 2,2,0,0.092,0,6
EV00093,Volta - Portland #13,Portland,Level 2,5,3,0.479,0,7
EV00093,Volta - Portland #13,Portland,Level 2,2,6,0.796,0,8
EV00093,Volta - Portland #13,Portland,Level 2,1,7,0.98,0,9
EV00093,Volta - Portland #13,Portland,Level 2,1,3,0.98,0,10
EV00093,Volta - Portland #13,Portland,Level 2,1,7,0.953,0,11
EV00093,Volta - Portland #13,Portland,Level 2,1,7,0.98,0,12
EV00093,Volta - Portland #13,Portland,Level 2,1,3,0.919,0,13
EV00093,Volta - Portland #13,Portland,Level 2,1,7,0.98,0,14
EV00093,Volta - Portland #13,Portland,Level 2,3,5,0.723,0,15
EV00093,Volta - Portland #13,Portland,Level 2,0,0,0.691,96,16
EV00093,Volta - Portland #13,Portland,Level 2,5,3,0.454,0,17
EV00093,Volta - Portland #13,Portland,Level 2,7,1,0.142,0,18
EV00093,Volta - Portland #13,Portland,Level 2,8,0,0.116,0,19
EV00093,Volta - Portland #13,Portland,Level 2,8,0,0.072,0,20
EV00093,Volta - Portland #13,Portland,Level 2,8,0,0.037,0,21
EV00093,Volta - Portland #13,Portland,Level 2,8,0,0.03,0,22
EV00093,Volta - Portland #13,Portland,Level 2,8,0,0.02,0,23
EV00094,Tesla Supercharger - Seattle #14,Seattle,Tesla DC Fast,4,0,0.2,0,0
EV00094,Tesla Supercharger - Seattle #14,Seattle,Tesla DC Fast,8,0,0.08,0,1
EV00094,Tesla Supercharger - Seattle #14,Seattle,Tesla DC Fast,8,0,0.059,0,2
EV00094,Tesla Supercharger - Seattle #14,Seattle,Tesla DC Fast,8,0,0.053,0,3
EV00094,Tesla Supercharger - Seattle #14,Seattle,Tesla DC Fast,8,0,0.059,0,4
EV00094,Tesla Supercharger - Seattle #14,Seattle,Tesla DC Fast,8,0,0.119,0,5
EV00094,Tesla Supercharger - Seattle #14,Seattle,Tesla DC Fast,6,2,0.263,0,6
EV00094,Tesla Supercharger - Seattle #14,Seattle,Tesla DC Fast,5,3,0.465,0,7
EV00094,Tesla Supercharger - Seattle #14,Seattle,Tesla DC Fast,3,5,0.644,0,8
EV00094,Tesla Supercharger - Seattle #14,Seattle,Tesla DC Fast,3,5,0.693,0,9
EV00094,Tesla Supercharger - Seattle #14,Seattle,Tesla DC Fast,2,6,0.796,0,10
EV00094,Tesla Supercharger - Seattle #14,Seattle,Tesla DC Fast,3,5,0.645,0,11
EV00094,Tesla Supercharger - Seattle #14,Seattle,Tesla DC Fast,1,4,0.808,0,12
EV00094,Tesla Supercharger - Seattle #14,Seattle,Tesla DC Fast,1,0,0.886,0,13
EV00094,Tesla Supercharger - Seattle #14,Seattle,Tesla DC Fast,3,5,0.669,0,14
EV00094,Tesla Supercharger - Seattle #14,Seattle,Tesla DC Fast,2,6,0.758,0,15
EV00094,Tesla Supercharger - Seattle #14,Seattle,Tesla DC Fast,1,7,0.98,0,16
EV00094,Tesla Supercharger - Seattle #14,Seattle,Tesla DC Fast,3,5,0.737,0,17
EV00094,Tesla Supercharger - Seattle #14,Seattle,Tesla DC Fast,3,5,0.726,0,18
EV00094,Tesla Supercharger - Seattle #14,Seattle,Tesla DC Fast,2,6,0.871,0,19
EV00094,Tesla Supercharger - Seattle #14,Seattle,Tesla DC Fast,2,6,0.776,0,20
EV00094,Tesla Supercharger - Seattle #14,Seattle,Tesla DC Fast,3,5,0.632,0,21
EV00094,Tesla Supercharger - Seattle #14,Seattle,Tesla DC Fast,6,2,0.349,0,22
EV00094,Tesla Supercharger - Seattle #14,Seattle,Tesla DC Fast,7,1,0.21,0,23
EV00095,Tesla Supercharger - Phoenix #15,Phoenix,Tesla DC Fast,3,0,0.145,0,0
EV00095,Tesla Supercharger - Phoenix #15,Phoenix,Tesla DC Fast,8,0,0.116,0,1
EV00095,Tesla Supercharger - Phoenix #15,Phoenix,Tesla DC Fast,8,0,0.115,0,2
EV00095,Tesla Supercharger - Phoenix #15,Phoenix,Tesla DC Fast,8,0,0.059,0,3
EV00095,Tesla Supercharger - Phoenix #15,Phoenix,Tesla DC Fast,8,0,0.088,0,4
EV00095,Tesla Supercharger - Phoenix #15,Phoenix,Tesla DC Fast,8,0,0.072,0,5
EV00095,Tesla Supercharger - Phoenix #15,Phoenix,Tesla DC Fast,7,1,0.133,0,6
EV00095,Tesla Supercharger - Phoenix #15,Phoenix,Tesla DC Fast,0,0,0.187,21,7
EV00095,Tesla Supercharger - Phoenix #15,Phoenix,Tesla DC Fast,6,2,0.373,0,8
EV00095,Tesla Supercharger - Phoenix #15,Phoenix,Tesla DC Fast,4,4,0.508,0,9
EV00095,Tesla Supercharger - Phoenix #15,Phoenix,Tesla DC Fast,3,5,0.657,0,10
EV00095,Tesla Supercharger - Phoenix #15,Phoenix,Tesla DC Fast,5,3,0.473,0,11
EV00095,Tesla Supercharger - Phoenix #15,Phoenix,Tesla DC Fast,4,4,0.601,0,12
EV00095,Tesla Supercharger - Phoenix #15,Phoenix,Tesla DC Fast,4,4,0.557,0,13
EV00095,Tesla Supercharger - Phoenix #15,Phoenix,Tesla DC Fast,2,2,0.586,0,14
EV00095,Tesla Supercharger - Phoenix #15,Phoenix,Tesla DC Fast,4,4,0.549,0,15
EV00095,Tesla Supercharger - Phoenix #15,Phoenix,Tesla DC Fast,5,3,0.437,0,16
EV00095,Tesla Supercharger - Phoenix #15,Phoenix,Tesla DC Fast,4,4,0.507,0,17
EV00095,Tesla Supercharger - Phoenix #15,Phoenix,Tesla DC Fast,4,4,0.564,0,18
EV00095,Tesla Supercharger - Phoenix #15,Phoenix,Tesla DC Fast,4,4,0.561,0,19
EV00095,Tesla Supercharger - Phoenix #15,Phoenix,Tesla DC Fast,4,4,0.534,0,20
EV00095,Tesla Supercharger - Phoenix #15,Phoenix,Tesla DC Fast,6,2,0.3,0,21
EV00095,Tesla Supercharger - Phoenix #15,Phoenix,Tesla DC Fast,6,2,0.32,0,22
EV00095,Tesla Supercharger - Phoenix #15,Phoenix,Tesla DC Fast,7,1,0.193,0,23
EV00096,ChargePoint - Las Vegas #16,Las Vegas,DC Fast Charge,6,2,0.338,0,0
EV00096,ChargePoint - Las Vegas #16,Las Vegas,DC Fast Charge,6,2,0.352,0,1
EV00096,ChargePoint - Las Vegas #16,Las Vegas,DC Fast Charge,6,2,0.29,0,2
EV00096,ChargePoint - Las Vegas #16,Las Vegas,DC Fast Charge,7,1,0.207,0,3
EV00096,ChargePoint - Las Vegas #16,Las Vegas,DC Fast Charge,7,1,0.177,0,4
EV00096,ChargePoint - Las Vegas #16,Las Vegas,DC Fast Charge,7,1,0.148,0,5
EV00096,ChargePoint - Las Vegas #16,Las Vegas,DC Fast Charge,8,0,0.086,0,6
EV00096,ChargePoint - Las Vegas #16,Las Vegas,DC Fast Charge,8,0,0.069,0,7
EV00096,ChargePoint - Las Vegas #16,Las Vegas,DC Fast Charge,8,0,0.057,0,8
EV00096,ChargePoint - Las Vegas #16,Las Vegas,DC Fast Charge,8,0,0.06,0,9
EV00096,ChargePoint - Las Vegas #16,Las Vegas,DC Fast Charge,8,0,0.071,0,10
EV00096,ChargePoint - Las Vegas #16,Las Vegas,DC Fast Charge,8,0,0.089,0,11
EV00096,ChargePoint - Las Vegas #16,Las Vegas,DC Fast Charge,8,0,0.115,0,12
EV00096,ChargePoint - Las Vegas #16,Las Vegas,DC Fast Charge,8,0,0.116,0,13
EV00096,ChargePoint - Las Vegas #16,Las Vegas,DC Fast Charge,8,0,0.094,0,14
EV00096,ChargePoint - Las Vegas #16,Las Vegas,DC Fast Charge,7,1,0.137,0,15
EV00096,ChargePoint - Las Vegas #16,Las Vegas,DC Fast Charge,7,1,0.154,0,16
EV00096,ChargePoint - Las Vegas #16,Las Vegas,DC Fast Charge,5,3,0.39,0,17
EV00096,ChargePoint - Las Vegas #16,Las Vegas,DC Fast Charge,5,3,0.46,0,18
EV00096,ChargePoint - Las Vegas #16,Las Vegas,DC Fast Charge,2,6,0.845,0,19
EV00096,ChargePoint - Las Vegas #16,Las Vegas,DC Fast Charge,2,6,0.819,0,20
EV00096,ChargePoint - Las Vegas #16,Las Vegas,DC Fast Charge,2,6,0.856,0,21
EV00096,ChargePoint - Las Vegas #16,Las Vegas,DC Fast Charge,3,5,0.744,0,22
EV00096,ChargePoint - Las Vegas #16,Las Vegas,DC Fast Charge,4,4,0.509,0,23
EV00097,ChargePoint - Austin #17,Austin,Level 2,6,2,0.332,0,0
EV00097,ChargePoint - Austin #17,Austin,Level 2,5,3,0.433,0,1
EV00097,ChargePoint - Austin #17,Austin,Level 2,6,2,0.272,0,2
EV00097,ChargePoint - Austin #17,Austin,Level 2,7,1,0.217,0,3
EV00097,ChargePoint - Austin #17,Austin,Level 2,0,0,0.237,57,4
EV00097,ChargePoint - Austin #17,Austin,Level 2,7,1,0.197,0,5
EV00097,ChargePoint - Austin #17,Austin,Level 2,8,0,0.097,0,6
EV00097,ChargePoint - Austin #17,Austin,Level 2,8,0,0.089,0,7
EV00097,ChargePoint - Austin #17,Austin,Level 2,2,0,0.048,0,8
EV00097,ChargePoint - Austin #17,Austin,Level 2,8,0,0.053,0,9
EV00097,ChargePoint - Austin #17,Austin,Level 2,8,0,0.096,0,10
EV00097,ChargePoint - Austin #17,Austin,Level 2,7,1,0.156,0,11
EV00097,ChargePoint - Austin #17,Austin,Level 2,8,0,0.122,0,12
EV00097,ChargePoint - Austin #17,Austin,Level 2,8,0,0.091,0,13
EV00097,ChargePoint - Austin #17,Austin,Level 2,7,1,0.15,0,14
EV00097,ChargePoint - Austin #17,Austin,Level 2,7,1,0.156,0,15
EV00097,ChargePoint - Austin #17,Austin,Level 2,6,2,0.28,0,16
EV00097,ChargePoint - Austin #17,Austin,Level 2,6,2,0.305,0,17
EV00097,ChargePoint - Austin #17,Austin,Level 2,5,3,0.423,0,18
EV00097,ChargePoint - Austin #17,Austin,Level 2,1,1,0.807,0,19
EV00097,ChargePoint - Austin #17,Austin,Level 2,4,4,0.622,0,20
EV00097,ChargePoint - Austin #17,Austin,Level 2,3,5,0.657,0,21
EV00097,ChargePoint - Austin #17,Austin,Level 2,3,5,0.737,0,22
EV00097,ChargePoint - Austin #17,Austin,Level 2,5,3,0.463,0,23
EV00098,Electrify America - Minneapolis #18,Minneapolis,Hyper-Fast,4,0,0.137,0,0
EV00098,Electrify America - Minneapolis #18,Minneapolis,Hyper-Fast,4,0,0.11,0,1
EV00098,Electrify America - Minneapolis #18,Minneapolis,Hyper-Fast,4,0,0.09,0,2
EV00098,Electrify America - Minneapolis #18,Minneapolis,Hyper-Fast,4,0,0.064,0,3
EV00098,Electrify America - Minneapolis #18,Minneapolis,Hyper-Fast,4,0,0.082,0,4
EV00098,Electrify America - Minneapolis #18,Minneapolis,Hyper-Fast,4,0,0.11,0,5
EV00098,Electrify America - Minneapolis #18,Minneapolis,Hyper-Fast,0,0,0.16,18,6
EV00098,Electrify America - Minneapolis #18,Minneapolis,Hyper-Fast,3,1,0.273,0,7
EV00098,Electrify America - Minneapolis #18,Minneapolis,Hyper-Fast,0,0,0.437,8,8
EV00098,Electrify America - Minneapolis #18,Minneapolis,Hyper-Fast,2,2,0.511,0,9
EV00098,Electrify America - Minneapolis #18,Minneapolis,Hyper-Fast,2,2,0.538,0,10
EV00098,Electrify America - Minneapolis #18,Minneapolis,Hyper-Fast,2,2,0.666,0,11
EV00098,Electrify America - Minneapolis #18,Minneapolis,Hyper-Fast,2,2,0.661,0,12
EV00098,Electrify America - Minneapolis #18,Minneapolis,Hyper-Fast,2,2,0.541,0,13
EV00098,Electrify America - Minneapolis #18,Minneapolis,Hyper-Fast,3,1,0.399,0,14
EV00098,Electrify America - Minneapolis #18,Minneapolis,Hyper-Fast,3,1,0.479,0,15
EV00098,Electrify America - Minneapolis #18,Minneapolis,Hyper-Fast,3,1,0.477,0,16
EV00098,Electrify America - Minneapolis #18,Minneapolis,Hyper-Fast,3,1,0.474,0,17
EV00098,Electrify America - Minneapolis #18,Minneapolis,Hyper-Fast,0,0,0.671,24,18
EV00098,Electrify America - Minneapolis #18,Minneapolis,Hyper-Fast,0,0,0.521,20,19
EV00098,Electrify America - Minneapolis #18,Minneapolis,Hyper-Fast,3,1,0.475,0,20
EV00098,Electrify America - Minneapolis #18,Minneapolis,Hyper-Fast,0,0,0.316,21,21
EV00098,Electrify America - Minneapolis #18,Minneapolis,Hyper-Fast,3,1,0.331,0,22
EV00098,Electrify America - Minneapolis #18,Minneapolis,Hyper-Fast,4,0,0.215,0,23
EV00099,EVgo - Atlanta #19,Atlanta,DC Fast Charge,11,1,0.134,0,0
EV00099,EVgo - Atlanta #19,Atlanta,DC Fast Charge,11,1,0.158,0,1
EV00099,EVgo - Atlanta #19,Atlanta,DC Fast Charge,11,1,0.097,0,2
EV00099,EVgo - Atlanta #19,Atlanta,DC Fast Charge,1,0,0.052,0,3
EV00099,EVgo - Atlanta #19,Atlanta,DC Fast Charge,12,0,0.082,0,4
EV00099,EVgo - Atlanta #19,Atlanta,DC Fast Charge,11,1,0.104,0,5
EV00099,EVgo - Atlanta #19,Atlanta,DC Fast Charge,11,1,0.144,0,6
EV00099,EVgo - Atlanta #19,Atlanta,DC Fast Charge,3,1,0.26,0,7
EV00099,EVgo - Atlanta #19,Atlanta,DC Fast Charge,9,3,0.309,0,8
EV00099,EVgo - Atlanta #19,Atlanta,DC Fast Charge,8,4,0.379,0,9
EV00099,EVgo - Atlanta #19,Atlanta,DC Fast Charge,3,3,0.542,0,10
EV00099,EVgo - Atlanta #19,Atlanta,DC Fast Charge,0,0,0.435,21,11
EV00099,EVgo - Atlanta #19,Atlanta,DC Fast Charge,3,3,0.648,0,12
EV00099,EVgo - Atlanta #19,Atlanta,DC Fast Charge,1,0,0.563,0,13
EV00099,EVgo - Atlanta #19,Atlanta,DC Fast Charge,6,6,0.549,0,14
EV00099,EVgo - Atlanta #19,Atlanta,DC Fast Charge,7,5,0.448,0,15
EV00099,EVgo - Atlanta #19,Atlanta,DC Fast Charge,6,6,0.506,0,16
EV00099,EVgo - Atlanta #19,Atlanta,DC Fast Charge,7,5,0.49,0,17
EV00099,EVgo - Atlanta #19,Atlanta,DC Fast Charge,8,4,0.399,0,18
EV00099,EVgo - Atlanta #19,Atlanta,DC Fast Charge,8,4,0.414,0,19
EV00099,EVgo - Atlanta #19,Atlanta,DC Fast Charge,7,5,0.476,0,20
EV00099,EVgo - Atlanta #19,Atlanta,DC Fast Charge,1,0,0.325,0,21
EV00099,EVgo - Atlanta #19,Atlanta,DC Fast Charge,9,3,0.266,0,22
EV00099,EVgo - Atlanta #19,Atlanta,DC Fast Charge,10,2,0.25,0,23
EV00100,Tesla Supercharger - Denver #20,Denver,Tesla DC Fast,8,2,0.236,0,0
EV00100,Tesla Supercharger - Denver #20,Denver,Tesla DC Fast,9,1,0.183,0,1
EV00100,Tesla Supercharger - Denver #20,Denver,Tesla DC Fast,9,1,0.123,0,2
EV00100,Tesla Supercharger - Denver #20,Denver,Tesla DC Fast,10,0,0.087,0,3
EV00100,Tesla Supercharger - Denver #20,Denver,Tesla DC Fast,1,0,0.105,0,4
EV00100,Tesla Supercharger - Denver #20,Denver,Tesla DC Fast,9,1,0.114,0,5
EV00100,Tesla Supercharger - Denver #20,Denver,Tesla DC Fast,9,1,0.134,0,6
EV00100,Tesla Supercharger - Denver #20,Denver,Tesla DC Fast,7,3,0.303,0,7
EV00100,Tesla Supercharger - Denver #20,Denver,Tesla DC Fast,7,3,0.348,0,8
EV00100,Tesla Supercharger - Denver #20,Denver,Tesla DC Fast,5,5,0.519,0,9
EV00100,Tesla Supercharger - Denver #20,Denver,Tesla DC Fast,3,7,0.71,0,10
EV00100,Tesla Supercharger - Denver #20,Denver,Tesla DC Fast,5,5,0.565,0,11
EV00100,Tesla Supercharger - Denver #20,Denver,Tesla DC Fast,4,6,0.633,0,12
EV00100,Tesla Supercharger - Denver #20,Denver,Tesla DC Fast,5,5,0.582,0,13
EV00100,Tesla Supercharger - Denver #20,Denver,Tesla DC Fast,5,5,0.509,0,14
EV00100,Tesla Supercharger - Denver #20,Denver,Tesla DC Fast,6,4,0.47,0,15
EV00100,Tesla Supercharger - Denver #20,Denver,Tesla DC Fast,3,7,0.736,0,16
EV00100,Tesla Supercharger - Denver #20,Denver,Tesla DC Fast,4,6,0.664,0,17
EV00100,Tesla Supercharger - Denver #20,Denver,Tesla DC Fast,5,5,0.517,0,18
EV00100,Tesla Supercharger - Denver #20,Denver,Tesla DC Fast,4,6,0.67,0,19
EV00100,Tesla Supercharger - Denver #20,Denver,Tesla DC Fast,5,5,0.576,0,20
EV00100,Tesla Supercharger - Denver #20,Denver,Tesla DC Fast,5,5,0.522,0,21
EV00100,Tesla Supercharger - Denver #20,Denver,Tesla DC Fast,7,3,0.376,0,22
EV00100,Tesla Supercharger - Denver #20,Denver,Tesla DC Fast,7,3,0.313,0,23
EV00101,Volta - Phoenix #1,Phoenix,Level 2,8,0,0.081,0,0
EV00101,Volta - Phoenix #1,Phoenix,Level 2,8,0,0.053,0,1
EV00101,Volta - Phoenix #1,Phoenix,Level 2,8,0,0.025,0,2
EV00101,Volta - Phoenix #1,Phoenix,Level 2,8,0,0.02,0,3
EV00101,Volta - Phoenix #1,Phoenix,Level 2,8,0,0.02,0,4
EV00101,Volta - Phoenix #1,Phoenix,Level 2,8,0,0.05,0,5
EV00101,Volta - Phoenix #1,Phoenix,Level 2,8,0,0.084,0,6
EV00101,Volta - Phoenix #1,Phoenix,Level 2,6,2,0.26,0,7
EV00101,Volta - Phoenix #1,Phoenix,Level 2,6,2,0.318,0,8
EV00101,Volta - Phoenix #1,Phoenix,Level 2,5,3,0.497,0,9
EV00101,Volta - Phoenix #1,Phoenix,Level 2,4,4,0.552,0,10
EV00101,Volta - Phoenix #1,Phoenix,Level 2,2,6,0.798,0,11
EV00101,Volta - Phoenix #1,Phoenix,Level 2,3,5,0.639,0,12
EV00101,Volta - Phoenix #1,Phoenix,Level 2,3,5,0.68,0,13
EV00101,Volta - Phoenix #1,Phoenix,Level 2,4,4,0.513,0,14
EV00101,Volta - Phoenix #1,Phoenix,Level 2,5,3,0.467,0,15
EV00101,Volta - Phoenix #1,Phoenix,Level 2,1,0,0.407,0,16
EV00101,Volta - Phoenix #1,Phoenix,Level 2,4,4,0.54,0,17
EV00101,Volta - Phoenix #1,Phoenix,Level 2,2,6,0.824,0,18
EV00101,Volta - Phoenix #1,Phoenix,Level 2,3,5,0.695,0,19
EV00101,Volta - Phoenix #1,Phoenix,Level 2,1,2,0.781,0,20
EV00101,Volta - Phoenix #1,Phoenix,Level 2,3,5,0.702,0,21
EV00101,Volta - Phoenix #1,Phoenix,Level 2,5,3,0.38,0,22
EV00101,Volta - Phoenix #1,Phoenix,Level 2,7,1,0.154,0,23
EV00102,Tesla Supercharger - Seattle #2,Seattle,Tesla DC Fast,5,1,0.268,0,0
EV00102,Tesla Supercharger - Seattle #2,Seattle,Tesla DC Fast,6,0,0.153,0,1
EV00102,Tesla Supercharger - Seattle #2,Seattle,Tesla DC Fast,0,0,0.123,9,2
EV00102,Tesla Supercharger - Seattle #2,Seattle,Tesla DC Fast,6,0,0.107,0,3
EV00102,Tesla Supercharger - Seattle #2,Seattle,Tesla DC Fast,6,0,0.092,0,4
EV00102,Tesla Supercharger - Seattle #2,Seattle,Tesla DC Fast,6,0,0.103,0,5
EV00102,Tesla Supercharger - Seattle #2,Seattle,Tesla DC Fast,5,1,0.173,0,6
EV00102,Tesla Supercharger - Seattle #2,Seattle,Tesla DC Fast,4,2,0.38,0,7
EV00102,Tesla Supercharger - Seattle #2,Seattle,Tesla DC Fast,3,3,0.519,0,8
EV00102,Tesla Supercharger - Seattle #2,Seattle,Tesla DC Fast,3,3,0.641,0,9
EV00102,Tesla Supercharger - Seattle #2,Seattle,Tesla DC Fast,2,4,0.782,0,10
EV00102,Tesla Supercharger - Seattle #2,Seattle,Tesla DC Fast,1,5,0.878,0,11
EV00102,Tesla Supercharger - Seattle #2,Seattle,Tesla DC Fast,1,5,0.893,0,12
EV00102,Tesla Supercharger - Seattle #2,Seattle,Tesla DC Fast,1,0,0.779,0,13
EV00102,Tesla Supercharger - Seattle #2,Seattle,Tesla DC Fast,3,3,0.625,0,14
EV00102,Tesla Supercharger - Seattle #2,Seattle,Tesla DC Fast,2,4,0.792,0,15
EV00102,Tesla Supercharger - Seattle #2,Seattle,Tesla DC Fast,1,5,0.936,0,16
EV00102,Tesla Supercharger - Seattle #2,Seattle,Tesla DC Fast,3,3,0.642,0,17
EV00102,Tesla Supercharger - Seattle #2,Seattle,Tesla DC Fast,0,0,0.739,24,18
EV00102,Tesla Supercharger - Seattle #2,Seattle,Tesla DC Fast,3,3,0.657,0,19
EV00102,Tesla Supercharger - Seattle #2,Seattle,Tesla DC Fast,3,3,0.641,0,20
EV00102,Tesla Supercharger - Seattle #2,Seattle,Tesla DC Fast,4,2,0.422,0,21
EV00102,Tesla Supercharger - Seattle #2,Seattle,Tesla DC Fast,4,2,0.483,0,22
EV00102,Tesla Supercharger - Seattle #2,Seattle,Tesla DC Fast,4,2,0.353,0,23
EV00103,ChargePoint - Denver #3,Denver,Level 2,5,1,0.262,0,0
EV00103,ChargePoint - Denver #3,Denver,Level 2,3,0,0.202,0,1
EV00103,ChargePoint - Denver #3,Denver,Level 2,6,0,0.136,0,2
EV00103,ChargePoint - Denver #3,Denver,Level 2,6,0,0.079,0,3
EV00103,ChargePoint - Denver #3,Denver,Level 2,6,0,0.101,0,4
EV00103,ChargePoint - Denver #3,Denver,Level 2,6,0,0.131,0,5
EV00103,ChargePoint - Denver #3,Denver,Level 2,5,1,0.188,0,6
EV00103,ChargePoint - Denver #3,Denver,Level 2,5,1,0.296,0,7
EV00103,ChargePoint - Denver #3,Denver,Level 2,3,3,0.512,0,8
EV00103,ChargePoint - Denver #3,Denver,Level 2,0,0,0.417,133,9
EV00103,ChargePoint - Denver #3,Denver,Level 2,3,3,0.569,0,10
EV00103,ChargePoint - Denver #3,Denver,Level 2,1,0,0.69,0,11
EV00103,ChargePoint - Denver #3,Denver,Level 2,2,4,0.711,0,12
EV00103,ChargePoint - Denver #3,Denver,Level 2,2,4,0.795,0,13
EV00103,ChargePoint - Denver #3,Denver,Level 2,3,3,0.568,0,14
EV00103,ChargePoint - Denver #3,Denver,Level 2,3,3,0.638,0,15
EV00103,ChargePoint - Denver #3,Denver,Level 2,3,3,0.66,0,16
EV00103,ChargePoint - Denver #3,Denver,Level 2,1,5,0.868,0,17
EV00103,ChargePoint - Denver #3,Denver,Level 2,2,4,0.79,0,18
EV00103,ChargePoint - Denver #3,Denver,Level 2,0,0,0.549,102,19
EV00103,ChargePoint - Denver #3,Denver,Level 2,3,3,0.591,0,20
EV00103,ChargePoint - Denver #3,Denver,Level 2,4,2,0.41,0,21
EV00103,ChargePoint - Denver #3,Denver,Level 2,5,1,0.294,0,22
EV00103,ChargePoint - Denver #3,Denver,Level 2,4,2,0.34,0,23
EV00104,EVgo - Miami #4,Miami,DC Fast Charge,5,1,0.245,0,0
EV00104,EVgo - Miami #4,Miami,DC Fast Charge,5,1,0.261,0,1
EV00104,EVgo - Miami #4,Miami,DC Fast Charge,5,1,0.26,0,2
EV00104,EVgo - Miami #4,Miami,DC Fast Charge,6,0,0.165,0,3
EV00104,EVgo - Miami #4,Miami,DC Fast Charge,5,1,0.171,0,4
EV00104,EVgo - Miami #4,Miami,DC Fast Charge,6,0,0.125,0,5
EV00104,EVgo - Miami #4,Miami,DC Fast Charge,6,0,0.113,0,6
EV00104,EVgo - Miami #4,Miami,DC Fast Charge,6,0,0.069,0,7
EV00104,EVgo - Miami #4,Miami,DC Fast Charge,6,0,0.046,0,8
EV00104,EVgo - Miami #4,Miami,DC Fast Charge,6,0,0.056,0,9
EV00104,EVgo - Miami #4,Miami,DC Fast Charge,6,0,0.078,0,10
EV00104,EVgo - Miami #4,Miami,DC Fast Charge,2,0,0.114,0,11
EV00104,EVgo - Miami #4,Miami,DC Fast Charge,6,0,0.096,0,12
EV00104,EVgo - Miami #4,Miami,DC Fast Charge,6,0,0.083,0,13
EV00104,EVgo - Miami #4,Miami,DC Fast Charge,6,0,0.098,0,14
EV00104,EVgo - Miami #4,Miami,DC Fast Charge,6,0,0.118,0,15
EV00104,EVgo - Miami #4,Miami,DC Fast Charge,5,1,0.206,0,16
EV00104,EVgo - Miami #4,Miami,DC Fast Charge,5,1,0.244,0,17
EV00104,EVgo - Miami #4,Miami,DC Fast Charge,4,2,0.46,0,18
EV00104,EVgo - Miami #4,Miami,DC Fast Charge,4,2,0.42,0,19
EV00104,EVgo - Miami #4,Miami,DC Fast Charge,1,5,0.839,0,20
EV00104,EVgo - Miami #4,Miami,DC Fast Charge,2,4,0.704,0,21
EV00104,EVgo - Miami #4,Miami,DC Fast Charge,4,2,0.467,0,22
EV00104,EVgo - Miami #4,Miami,DC Fast Charge,2,0,0.278,0,23
EV00105,Shell Recharge - Portland #5,Portland,DC Fast Charge,8,0,0.02,0,0
EV00105,Shell Recharge - Portland #5,Portland,DC Fast Charge,8,0,0.024,0,1
EV00105,Shell Recharge - Portland #5,Portland,DC Fast Charge,8,0,0.023,0,2
EV00105,Shell Recharge - Portland #5,Portland,DC Fast Charge,8,0,0.022,0,3
EV00105,Shell Recharge - Portland #5,Portland,DC Fast Charge,8,0,0.02,0,4
EV00105,Shell Recharge - Portland #5,Portland,DC Fast Charge,8,0,0.03,0,5
EV00105,Shell Recharge - Portland #5,Portland,DC Fast Charge,7,1,0.145,0,6
EV00105,Shell Recharge - Portland #5,Portland,DC Fast Charge,5,3,0.441,0,7
EV00105,Shell Recharge - Portland #5,Portland,DC Fast Charge,3,5,0.732,0,8
EV00105,Shell Recharge - Portland #5,Portland,DC Fast Charge,1,7,0.98,0,9
EV00105,Shell Recharge - Portland #5,Portland,DC Fast Charge,1,7,0.949,0,10
EV00105,Shell Recharge - Portland #5,Portland,DC Fast Charge,1,7,0.98,0,11
EV00105,Shell Recharge - Portland #5,Portland,DC Fast Charge,1,1,0.98,0,12
EV00105,Shell Recharge - Portland #5,Portland,DC Fast Charge,1,7,0.98,0,13
EV00105,Shell Recharge - Portland #5,Portland,DC Fast Charge,1,7,0.98,0,14
EV00105,Shell Recharge - Portland #5,Portland,DC Fast Charge,1,7,0.928,0,15
EV00105,Shell Recharge - Portland #5,Portland,DC Fast Charge,4,4,0.558,0,16
EV00105,Shell Recharge - Portland #5,Portland,DC Fast Charge,6,2,0.338,0,17
EV00105,Shell Recharge - Portland #5,Portland,DC Fast Charge,3,0,0.202,0,18
EV00105,Shell Recharge - Portland #5,Portland,DC Fast Charge,8,0,0.093,0,19
EV00105,Shell Recharge - Portland #5,Portland,DC Fast Charge,8,0,0.061,0,20
EV00105,Shell Recharge - Portland #5,Portland,DC Fast Charge,8,0,0.028,0,21
EV00105,Shell Recharge - Portland #5,Portland,DC Fast Charge,8,0,0.027,0,22
EV00105,Shell Recharge - Portland #5,Portland,DC Fast Charge,8,0,0.02,0,23
EV00106,Tesla Supercharger - Chicago #6,Chicago,Tesla DC Fast,7,1,0.157,0,0
EV00106,Tesla Supercharger - Chicago #6,Chicago,Tesla DC Fast,4,0,0.152,0,1
EV00106,Tesla Supercharger - Chicago #6,Chicago,Tesla DC Fast,8,0,0.074,0,2
EV00106,Tesla Supercharger - Chicago #6,Chicago,Tesla DC Fast,8,0,0.057,0,3
EV00106,Tesla Supercharger - Chicago #6,Chicago,Tesla DC Fast,8,0,0.08,0,4
EV00106,Tesla Supercharger - Chicago #6,Chicago,Tesla DC Fast,8,0,0.075,0,5
EV00106,Tesla Supercharger - Chicago #6,Chicago,Tesla DC Fast,0,0,0.128,9,6
EV00106,Tesla Supercharger - Chicago #6,Chicago,Tesla DC Fast,0,0,0.195,19,7
EV00106,Tesla Supercharger - Chicago #6,Chicago,Tesla DC Fast,6,2,0.365,0,8
EV00106,Tesla Supercharger - Chicago #6,Chicago,Tesla DC Fast,4,4,0.503,0,9
EV00106,Tesla Supercharger - Chicago #6,Chicago,Tesla DC Fast,5,3,0.492,0,10
EV00106,Tesla Supercharger - Chicago #6,Chicago,Tesla DC Fast,4,4,0.571,0,11
EV00106,Tesla Supercharger - Chicago #6,Chicago,Tesla DC Fast,4,4,0.557,0,12
EV00106,Tesla Supercharger - Chicago #6,Chicago,Tesla DC Fast,5,3,0.436,0,13
EV00106,Tesla Supercharger - Chicago #6,Chicago,Tesla DC Fast,5,3,0.435,0,14
EV00106,Tesla Supercharger - Chicago #6,Chicago,Tesla DC Fast,4,4,0.541,0,15
EV00106,Tesla Supercharger - Chicago #6,Chicago,Tesla DC Fast,2,2,0.604,0,16
EV00106,Tesla Supercharger - Chicago #6,Chicago,Tesla DC Fast,3,5,0.679,0,17
EV00106,Tesla Supercharger - Chicago #6,Chicago,Tesla DC Fast,3,1,0.49,0,18
EV00106,Tesla Supercharger - Chicago #6,Chicago,Tesla DC Fast,5,3,0.495,0,19
EV00106,Tesla Supercharger - Chicago #6,Chicago,Tesla DC Fast,6,2,0.307,0,20
EV00106,Tesla Supercharger - Chicago #6,Chicago,Tesla DC Fast,6,2,0.372,0,21
EV00106,Tesla Supercharger - Chicago #6,Chicago,Tesla DC Fast,6,2,0.265,0,22
EV00106,Tesla Supercharger - Chicago #6,Chicago,Tesla DC Fast,7,1,0.203,0,23
EV00107,Tesla Supercharger - Austin #7,Austin,Tesla DC Fast,10,0,0.095,0,0
EV00107,Tesla Supercharger - Austin #7,Austin,Tesla DC Fast,10,0,0.067,0,1
EV00107,Tesla Supercharger - Austin #7,Austin,Tesla DC Fast,10,0,0.04,0,2
EV00107,Tesla Supercharger - Austin #7,Austin,Tesla DC Fast,10,0,0.021,0,3
EV00107,Tesla Supercharger - Austin #7,Austin,Tesla DC Fast,10,0,0.025,0,4
EV00107,Tesla Supercharger - Austin #7,Austin,Tesla DC Fast,10,0,0.061,0,5
EV00107,Tesla Supercharger - Austin #7,Austin,Tesla DC Fast,9,1,0.123,0,6
EV00107,Tesla Supercharger - Austin #7,Austin,Tesla DC Fast,7,3,0.322,0,7
EV00107,Tesla Supercharger - Austin #7,Austin,Tesla DC Fast,7,3,0.346,0,8
EV00107,Tesla Supercharger - Austin #7,Austin,Tesla DC Fast,4,6,0.631,0,9
EV00107,Tesla Supercharger - Austin #7,Austin,Tesla DC Fast,3,7,0.709,0,10
EV00107,Tesla Supercharger - Austin #7,Austin,Tesla DC Fast,2,8,0.895,0,11
EV00107,Tesla Supercharger - Austin #7,Austin,Tesla DC Fast,0,0,0.959,12,12
EV00107,Tesla Supercharger - Austin #7,Austin,Tesla DC Fast,1,9,0.945,0,13
EV00107,Tesla Supercharger - Austin #7,Austin,Tesla DC Fast,1,0,0.887,0,14
EV00107,Tesla Supercharger - Austin #7,Austin,Tesla DC Fast,5,5,0.509,0,15
EV00107,Tesla Supercharger - Austin #7,Austin,Tesla DC Fast,5,5,0.546,0,16
EV00107,Tesla Supercharger - Austin #7,Austin,Tesla DC Fast,5,5,0.563,0,17
EV00107,Tesla Supercharger - Austin #7,Austin,Tesla DC Fast,1,9,0.956,0,18
EV00107,Tesla Supercharger - Austin #7,Austin,Tesla DC Fast,1,9,0.98,0,19
EV00107,Tesla Supercharger - Austin #7,Austin,Tesla DC Fast,2,8,0.865,0,20
EV00107,Tesla Supercharger - Austin #7,Austin,Tesla DC Fast,3,7,0.729,0,21
EV00107,Tesla Supercharger - Austin #7,Austin,Tesla DC Fast,7,3,0.304,0,22
EV00107,Tesla Supercharger - Austin #7,Austin,Tesla DC Fast,5,1,0.227,0,23
EV00108,EVCS - Phoenix #8,Phoenix,DC Fast Charge,3,1,0.252,0,0
EV00108,EVCS - Phoenix #8,Phoenix,DC Fast Charge,4,0,0.203,0,1
EV00108,EVCS - Phoenix #8,Phoenix,DC Fast Charge,4,0,0.17,0,2
EV00108,EVCS - Phoenix #8,Phoenix,DC Fast Charge,4,0,0.155,0,3
EV00108,EVCS - Phoenix #8,Phoenix,DC Fast Charge,4,0,0.226,0,4
EV00108,EVCS - Phoenix #8,Phoenix,DC Fast Charge,4,0,0.107,0,5
EV00108,EVCS - Phoenix #8,Phoenix,DC Fast Charge,4,0,0.073,0,6
EV00108,EVCS - Phoenix #8,Phoenix,DC Fast Charge,4,0,0.073,0,7
EV00108,EVCS - Phoenix #8,Phoenix,DC Fast Charge,4,0,0.053,0,8
EV00108,EVCS - Phoenix #8,Phoenix,DC Fast Charge,4,0,0.04,0,9
EV00108,EVCS - Phoenix #8,Phoenix,DC Fast Charge,0,0,0.07,10,10
EV00108,EVCS - Phoenix #8,Phoenix,DC Fast Charge,4,0,0.108,0,11
EV00108,EVCS - Phoenix #8,Phoenix,DC Fast Charge,4,0,0.123,0,12
EV00108,EVCS - Phoenix #8,Phoenix,DC Fast Charge,4,0,0.08,0,13
EV00108,EVCS - Phoenix #8,Phoenix,DC Fast Charge,2,0,0.073,0,14
EV00108,EVCS - Phoenix #8,Phoenix,DC Fast Charge,4,0,0.125,0,15
EV00108,EVCS - Phoenix #8,Phoenix,DC Fast Charge,4,0,0.214,0,16
EV00108,EVCS - Phoenix #8,Phoenix,DC Fast Charge,0,0,0.274,25,17
EV00108,EVCS - Phoenix #8,Phoenix,DC Fast Charge,3,1,0.426,0,18
EV00108,EVCS - Phoenix #8,Phoenix,DC Fast Charge,3,1,0.472,0,19
EV00108,EVCS - Phoenix #8,Phoenix,DC Fast Charge,2,2,0.678,0,20
EV00108,EVCS - Phoenix #8,Phoenix,DC Fast Charge,2,2,0.697,0,21
EV00108,EVCS - Phoenix #8,Phoenix,DC Fast Charge,2,2,0.539,0,22
EV00108,EVCS - Phoenix #8,Phoenix,DC Fast Charge,3,1,0.425,0,23
EV00109,ChargePoint - Boston #9,Boston,Level 2,4,0,0.084,0,0
EV00109,ChargePoint - Boston #9,Boston,Level 2,4,0,0.044,0,1
EV00109,ChargePoint - Boston #9,Boston,Level 2,4,0,0.036,0,2
EV00109,ChargePoint - Boston #9,Boston,Level 2,4,0,0.024,0,3
EV00109,ChargePoint - Boston #9,Boston,Level 2,4,0,0.025,0,4
EV00109,ChargePoint - Boston #9,Boston,Level 2,4,0,0.068,0,5
EV00109,ChargePoint - Boston #9,Boston,Level 2,4,0,0.1,0,6
EV00109,ChargePoint - Boston #9,Boston,Level 2,4,0,0.221,0,7
EV00109,ChargePoint - Boston #9,Boston,Level 2,3,1,0.496,0,8
EV00109,ChargePoint - Boston #9,Boston,Level 2,3,1,0.458,0,9
EV00109,ChargePoint - Boston #9,Boston,Level 2,2,2,0.639,0,10
EV00109,ChargePoint - Boston #9,Boston,Level 2,1,3,0.913,0,11
EV00109,ChargePoint - Boston #9,Boston,Level 2,0,0,0.834,75,12
EV00109,ChargePoint - Boston #9,Boston,Level 2,0,0,0.658,99,13
EV00109,ChargePoint - Boston #9,Boston,Level 2,1,3,0.872,0,14
EV00109,ChargePoint - Boston #9,Boston,Level 2,2,2,0.545,0,15
EV00109,ChargePoint - Boston #9,Boston,Level 2,2,2,0.552,0,16
EV00109,ChargePoint - Boston #9,Boston,Level 2,1,3,0.858,0,17
EV00109,ChargePoint - Boston #9,Boston,Level 2,1,3,0.903,0,18
EV00109,ChargePoint - Boston #9,Boston,Level 2,1,3,0.98,0,19
EV00109,ChargePoint - Boston #9,Boston,Level 2,1,1,0.871,0,20
EV00109,ChargePoint - Boston #9,Boston,Level 2,2,2,0.735,0,21
EV00109,ChargePoint - Boston #9,Boston,Level 2,3,1,0.306,0,22
EV00109,ChargePoint - Boston #9,Boston,Level 2,4,0,0.239,0,23
EV00110,Tesla Supercharger - Austin #10,Austin,Tesla DC Fast,4,0,0.029,0,0
EV00110,Tesla Supercharger - Austin #10,Austin,Tesla DC Fast,4,0,0.029,0,1
EV00110,Tesla Supercharger - Austin #10,Austin,Tesla DC Fast,4,0,0.026,0,2
EV00110,Tesla Supercharger - Austin #10,Austin,Tesla DC Fast,0,0,0.031,24,3
EV00110,Tesla Supercharger - Austin #10,Austin,Tesla DC Fast,2,0,0.027,0,4
EV00110,Tesla Supercharger - Austin #10,Austin,Tesla DC Fast,4,0,0.035,0,5
EV00110,Tesla Supercharger - Austin #10,Austin,Tesla DC Fast,0,0,0.111,14,6
EV00110,Tesla Supercharger - Austin #10,Austin,Tesla DC Fast,3,1,0.4,0,7
EV00110,Tesla Supercharger - Austin #10,Austin,Tesla DC Fast,2,2,0.714,0,8
EV00110,Tesla Supercharger - Austin #10,Austin,Tesla DC Fast,1,3,0.98,0,9
EV00110,Tesla Supercharger - Austin #10,Austin,Tesla DC Fast,1,3,0.98,0,10
EV00110,Tesla Supercharger - Austin #10,Austin,Tesla DC Fast,1,3,0.866,0,11
EV00110,Tesla Supercharger - Austin #10,Austin,Tesla DC Fast,1,3,0.98,0,12
EV00110,Tesla Supercharger - Austin #10,Austin,Tesla DC Fast,1,3,0.98,0,13
EV00110,Tesla Supercharger - Austin #10,Austin,Tesla DC Fast,1,3,0.98,0,14
EV00110,Tesla Supercharger - Austin #10,Austin,Tesla DC Fast,1,3,0.882,0,15
EV00110,Tesla Supercharger - Austin #10,Austin,Tesla DC Fast,1,0,0.681,0,16
EV00110,Tesla Supercharger - Austin #10,Austin,Tesla DC Fast,3,1,0.295,0,17
EV00110,Tesla Supercharger - Austin #10,Austin,Tesla DC Fast,4,0,0.191,0,18
EV00110,Tesla Supercharger - Austin #10,Austin,Tesla DC Fast,4,0,0.087,0,19
EV00110,Tesla Supercharger - Austin #10,Austin,Tesla DC Fast,4,0,0.048,0,20
EV00110,Tesla Supercharger - Austin #10,Austin,Tesla DC Fast,4,0,0.045,0,21
EV00110,Tesla Supercharger - Austin #10,Austin,Tesla DC Fast,4,0,0.021,0,22
EV00110,Tesla Supercharger - Austin #10,Austin,Tesla DC Fast,4,0,0.024,0,23
EV00111,Tesla Supercharger - Portland #11,Portland,Tesla DC Fast,7,1,0.229,0,0
EV00111,Tesla Supercharger - Portland #11,Portland,Tesla DC Fast,7,1,0.22,0,1
EV00111,Tesla Supercharger - Portland #11,Portland,Tesla DC Fast,8,0,0.101,0,2
EV00111,Tesla Supercharger - Portland #11,Portland,Tesla DC Fast,8,0,0.082,0,3
EV00111,Tesla Supercharger - Portland #11,Portland,Tesla DC Fast,8,0,0.076,0,4
EV00111,Tesla Supercharger - Portland #11,Portland,Tesla DC Fast,8,0,0.103,0,5
EV00111,Tesla Supercharger - Portland #11,Portland,Tesla DC Fast,7,1,0.18,0,6
EV00111,Tesla Supercharger - Portland #11,Portland,Tesla DC Fast,6,2,0.296,0,7
EV00111,Tesla Supercharger - Portland #11,Portland,Tesla DC Fast,4,4,0.546,0,8
EV00111,Tesla Supercharger - Portland #11,Portland,Tesla DC Fast,3,5,0.725,0,9
EV00111,Tesla Supercharger - Portland #11,Portland,Tesla DC Fast,4,4,0.624,0,10
EV00111,Tesla Supercharger - Portland #11,Portland,Tesla DC Fast,2,6,0.843,0,11
EV00111,Tesla Supercharger - Portland #11,Portland,Tesla DC Fast,1,7,0.883,0,12
EV00111,Tesla Supercharger - Portland #11,Portland,Tesla DC Fast,3,5,0.742,0,13
EV00111,Tesla Supercharger - Portland #11,Portland,Tesla DC Fast,4,4,0.503,0,14
EV00111,Tesla Supercharger - Portland #11,Portland,Tesla DC Fast,3,5,0.691,0,15
EV00111,Tesla Supercharger - Portland #11,Portland,Tesla DC Fast,4,4,0.599,0,16
EV00111,Tesla Supercharger - Portland #11,Portland,Tesla DC Fast,4,4,0.595,0,17
EV00111,Tesla Supercharger - Portland #11,Portland,Tesla DC Fast,2,6,0.793,0,18
EV00111,Tesla Supercharger - Portland #11,Portland,Tesla DC Fast,4,4,0.524,0,19
EV00111,Tesla Supercharger - Portland #11,Portland,Tesla DC Fast,5,3,0.442,0,20
EV00111,Tesla Supercharger - Portland #11,Portland,Tesla DC Fast,4,4,0.547,0,21
EV00111,Tesla Supercharger - Portland #11,Portland,Tesla DC Fast,6,2,0.304,0,22
EV00111,Tesla Supercharger - Portland #11,Portland,Tesla DC Fast,6,2,0.27,0,23
EV00112,Volta - San Francisco #12,San Francisco,Level 2,2,0,0.298,0,0
EV00112,Volta - San Francisco #12,San Francisco,Level 2,2,0,0.234,0,1
EV00112,Volta - San Francisco #12,San Francisco,Level 2,2,0,0.173,0,2
EV00112,Volta - San Francisco #12,San Francisco,Level 2,2,0,0.127,0,3
EV00112,Volta - San Francisco #12,San Francisco,Level 2,2,0,0.124,0,4
EV00112,Volta - San Francisco #12,San Francisco,Level 2,0,0,0.154,51,5
EV00112,Volta - San Francisco #12,San Francisco,Level 2,2,0,0.207,0,6
EV00112,Volta - San Francisco #12,San Francisco,Level 2,2,0,0.291,0,7
EV00112,Volta - San Francisco #12,San Francisco,Level 2,1,1,0.597,0,8
EV00112,Volta - San Francisco #12,San Francisco,Level 2,1,1,0.875,0,9
EV00112,Volta - San Francisco #12,San Francisco,Level 2,1,1,0.98,0,10
EV00112,Volta - San Francisco #12,San Francisco,Level 2,1,1,0.901,0,11
EV00112,Volta - San Francisco #12,San Francisco,Level 2,0,0,0.888,94,12
EV00112,Volta - San Francisco #12,San Francisco,Level 2,0,0,0.98,57,13
EV00112,Volta - San Francisco #12,San Francisco,Level 2,1,1,0.802,0,14
EV00112,Volta - San Francisco #12,San Francisco,Level 2,1,1,0.731,0,15
EV00112,Volta - San Francisco #12,San Francisco,Level 2,1,1,0.712,0,16
EV00112,Volta - San Francisco #12,San Francisco,Level 2,1,1,0.98,0,17
EV00112,Volta - San Francisco #12,San Francisco,Level 2,1,1,0.906,0,18
EV00112,Volta - San Francisco #12,San Francisco,Level 2,1,1,0.772,0,19
EV00112,Volta - San Francisco #12,San Francisco,Level 2,1,1,0.552,0,20
EV00112,Volta - San Francisco #12,San Francisco,Level 2,1,1,0.602,0,21
EV00112,Volta - San Francisco #12,San Francisco,Level 2,2,0,0.373,0,22
EV00112,Volta - San Francisco #12,San Francisco,Level 2,1,1,0.539,0,23
EV00113,EVCS - Miami #13,Miami,Level 2,6,0,0.08,0,0
EV00113,EVCS - Miami #13,Miami,Level 2,6,0,0.049,0,1
EV00113,EVCS - Miami #13,Miami,Level 2,6,0,0.026,0,2
EV00113,EVCS - Miami #13,Miami,Level 2,6,0,0.02,0,3
EV00113,EVCS - Miami #13,Miami,Level 2,6,0,0.02,0,4
EV00113,EVCS - Miami #13,Miami,Level 2,6,0,0.043,0,5
EV00113,EVCS - Miami #13,Miami,Level 2,6,0,0.066,0,6
EV00113,EVCS - Miami #13,Miami,Level 2,5,1,0.223,0,7
EV00113,EVCS - Miami #13,Miami,Level 2,5,1,0.326,0,8
EV00113,EVCS - Miami #13,Miami,Level 2,4,2,0.421,0,9
EV00113,EVCS - Miami #13,Miami,Level 2,1,1,0.574,0,10
EV00113,EVCS - Miami #13,Miami,Level 2,3,3,0.523,0,11
EV00113,EVCS - Miami #13,Miami,Level 2,2,4,0.673,0,12
EV00113,EVCS - Miami #13,Miami,Level 2,3,3,0.577,0,13
EV00113,EVCS - Miami #13,Miami,Level 2,3,3,0.609,0,14
EV00113,EVCS - Miami #13,Miami,Level 2,3,3,0.636,0,15
EV00113,EVCS - Miami #13,Miami,Level 2,3,3,0.501,0,16
EV00113,EVCS - Miami #13,Miami,Level 2,1,0,0.492,0,17
EV00113,EVCS - Miami #13,Miami,Level 2,1,0,0.563,0,18
EV00113,EVCS - Miami #13,Miami,Level 2,3,3,0.63,0,19
EV00113,EVCS - Miami #13,Miami,Level 2,2,4,0.709,0,20
EV00113,EVCS - Miami #13,Miami,Level 2,4,2,0.453,0,21
EV00113,EVCS - Miami #13,Miami,Level 2,5,1,0.251,0,22
EV00113,EVCS - Miami #13,Miami,Level 2,5,1,0.208,0,23
EV00114,Shell Recharge - San Francisco #14,San Francisco,DC Fast Charge,3,1,0.284,0,0
EV00114,Shell Recharge - San Francisco #14,San Francisco,DC Fast Charge,4,0,0.176,0,1
EV00114,Shell Recharge - San Francisco #14,San Francisco,DC Fast Charge,1,0,0.143,0,2
EV00114,Shell Recharge - San Francisco #14,San Francisco,DC Fast Charge,4,0,0.096,0,3
EV00114,Shell Recharge - San Francisco #14,San Francisco,DC Fast Charge,0,0,0.14,17,4
EV00114,Shell Recharge - San Francisco #14,San Francisco,DC Fast Charge,4,0,0.114,0,5
EV00114,Shell Recharge - San Francisco #14,San Francisco,DC Fast Charge,4,0,0.238,0,6
EV00114,Shell Recharge - San Francisco #14,San Francisco,DC Fast Charge,2,2,0.52,0,7
EV00114,Shell Recharge - San Francisco #14,San Francisco,DC Fast Charge,2,2,0.599,0,8
EV00114,Shell Recharge - San Francisco #14,San Francisco,DC Fast Charge,1,3,0.773,0,9
EV00114,Shell Recharge - San Francisco #14,San Francisco,DC Fast Charge,1,3,0.831,0,10
EV00114,Shell Recharge - San Francisco #14,San Francisco,DC Fast Charge,1,3,0.874,0,11
EV00114,Shell Recharge - San Francisco #14,San Francisco,DC Fast Charge,1,3,0.98,0,12
EV00114,Shell Recharge - San Francisco #14,San Francisco,DC Fast Charge,1,0,0.796,0,13
EV00114,Shell Recharge - San Francisco #14,San Francisco,DC Fast Charge,1,3,0.778,0,14
EV00114,Shell Recharge - San Francisco #14,San Francisco,DC Fast Charge,1,3,0.937,0,15
EV00114,Shell Recharge - San Francisco #14,San Francisco,DC Fast Charge,1,3,0.849,0,16
EV00114,Shell Recharge - San Francisco #14,San Francisco,DC Fast Charge,1,3,0.98,0,17
EV00114,Shell Recharge - San Francisco #14,San Francisco,DC Fast Charge,1,3,0.853,0,18
EV00114,Shell Recharge - San Francisco #14,San Francisco,DC Fast Charge,1,3,0.945,0,19
EV00114,Shell Recharge - San Francisco #14,San Francisco,DC Fast Charge,1,3,0.798,0,20
EV00114,Shell Recharge - San Francisco #14,San Francisco,DC Fast Charge,1,3,0.798,0,21
EV00114,Shell Recharge - San Francisco #14,San Francisco,DC Fast Charge,2,2,0.516,0,22
EV00114,Shell Recharge - San Francisco #14,San Francisco,DC Fast Charge,3,1,0.341,0,23
EV00115,Shell Recharge - San Diego #15,San Diego,DC Fast Charge,4,0,0.026,0,0
EV00115,Shell Recharge - San Diego #15,San Diego,DC Fast Charge,4,0,0.029,0,1
EV00115,Shell Recharge - San Diego #15,San Diego,DC Fast Charge,4,0,0.026,0,2
EV00115,Shell Recharge - San Diego #15,San Diego,DC Fast Charge,4,0,0.022,0,3
EV00115,Shell Recharge - San Diego #15,San Diego,DC Fast Charge,4,0,0.022,0,4
EV00115,Shell Recharge - San Diego #15,San Diego,DC Fast Charge,4,0,0.031,0,5
EV00115,Shell Recharge - San Diego #15,San Diego,DC Fast Charge,4,0,0.107,0,6
EV00115,Shell Recharge - San Diego #15,San Diego,DC Fast Charge,3,1,0.396,0,7
EV00115,Shell Recharge - San Diego #15,San Diego,DC Fast Charge,1,3,0.969,0,8
EV00115,Shell Recharge - San Diego #15,San Diego,DC Fast Charge,1,3,0.98,0,9
EV00115,Shell Recharge - San Diego #15,San Diego,DC Fast Charge,1,3,0.84,0,10
EV00115,Shell Recharge - San Diego #15,San Diego,DC Fast Charge,1,3,0.98,0,11
EV00115,Shell Recharge - San Diego #15,San Diego,DC Fast Charge,1,3,0.98,0,12
EV00115,Shell Recharge - San Diego #15,San Diego,DC Fast Charge,0,0,0.98,18,13
EV00115,Shell Recharge - San Diego #15,San Diego,DC Fast Charge,1,3,0.98,0,14
EV00115,Shell Recharge - San Diego #15,San Diego,DC Fast Charge,1,3,0.98,0,15
EV00115,Shell Recharge - San Diego #15,San Diego,DC Fast Charge,1,3,0.955,0,16
EV00115,Shell Recharge - San Diego #15,San Diego,DC Fast Charge,3,1,0.394,0,17
EV00115,Shell Recharge - San Diego #15,San Diego,DC Fast Charge,4,0,0.144,0,18
EV00115,Shell Recharge - San Diego #15,San Diego,DC Fast Charge,4,0,0.09,0,19
EV00115,Shell Recharge - San Diego #15,San Diego,DC Fast Charge,4,0,0.045,0,20
EV00115,Shell Recharge - San Diego #15,San Diego,DC Fast Charge,4,0,0.044,0,21
EV00115,Shell Recharge - San Diego #15,San Diego,DC Fast Charge,4,0,0.023,0,22
EV00115,Shell Recharge - San Diego #15,San Diego,DC Fast Charge,4,0,0.03,0,23
EV00116,Tesla Supercharger - Atlanta #16,Atlanta,Tesla DC Fast,6,0,0.02,0,0
EV00116,Tesla Supercharger - Atlanta #16,Atlanta,Tesla DC Fast,6,0,0.02,0,1
EV00116,Tesla Supercharger - Atlanta #16,Atlanta,Tesla DC Fast,6,0,0.021,0,2
EV00116,Tesla Supercharger - Atlanta #16,Atlanta,Tesla DC Fast,6,0,0.02,0,3
EV00116,Tesla Supercharger - Atlanta #16,Atlanta,Tesla DC Fast,6,0,0.02,0,4
EV00116,Tesla Supercharger - Atlanta #16,Atlanta,Tesla DC Fast,6,0,0.031,0,5
EV00116,Tesla Supercharger - Atlanta #16,Atlanta,Tesla DC Fast,6,0,0.069,0,6
EV00116,Tesla Supercharger - Atlanta #16,Atlanta,Tesla DC Fast,5,1,0.27,0,7
EV00116,Tesla Supercharger - Atlanta #16,Atlanta,Tesla DC Fast,3,3,0.518,0,8
EV00116,Tesla Supercharger - Atlanta #16,Atlanta,Tesla DC Fast,2,4,0.755,0,9
EV00116,Tesla Supercharger - Atlanta #16,Atlanta,Tesla DC Fast,3,3,0.601,0,10
EV00116,Tesla Supercharger - Atlanta #16,Atlanta,Tesla DC Fast,3,3,0.632,0,11
EV00116,Tesla Supercharger - Atlanta #16,Atlanta,Tesla DC Fast,1,5,0.836,0,12
EV00116,Tesla Supercharger - Atlanta #16,Atlanta,Tesla DC Fast,3,3,0.591,0,13
EV00116,Tesla Supercharger - Atlanta #16,Atlanta,Tesla DC Fast,3,3,0.568,0,14
EV00116,Tesla Supercharger - Atlanta #16,Atlanta,Tesla DC Fast,2,4,0.767,0,15
EV00116,Tesla Supercharger - Atlanta #16,Atlanta,Tesla DC Fast,3,3,0.548,0,16
EV00116,Tesla Supercharger - Atlanta #16,Atlanta,Tesla DC Fast,5,1,0.327,0,17
EV00116,Tesla Supercharger - Atlanta #16,Atlanta,Tesla DC Fast,6,0,0.109,0,18
EV00116,Tesla Supercharger - Atlanta #16,Atlanta,Tesla DC Fast,6,0,0.062,0,19
EV00116,Tesla Supercharger - Atlanta #16,Atlanta,Tesla DC Fast,6,0,0.049,0,20
EV00116,Tesla Supercharger - Atlanta #16,Atlanta,Tesla DC Fast,6,0,0.026,0,21
EV00116,Tesla Supercharger - Atlanta #16,Atlanta,Tesla DC Fast,6,0,0.02,0,22
EV00116,Tesla Supercharger - Atlanta #16,Atlanta,Tesla DC Fast,6,0,0.02,0,23
EV00117,Shell Recharge - Portland #17,Portland,DC Fast Charge,5,3,0.4,0,0
EV00117,Shell Recharge - Portland #17,Portland,DC Fast Charge,6,2,0.296,0,1
EV00117,Shell Recharge - Portland #17,Portland,DC Fast Charge,6,2,0.266,0,2
EV00117,Shell Recharge - Portland #17,Portland,DC Fast Charge,7,1,0.227,0,3
EV00117,Shell Recharge - Portland #17,Portland,DC Fast Charge,6,2,0.289,0,4
EV00117,Shell Recharge - Portland #17,Portland,DC Fast Charge,7,1,0.21,0,5
EV00117,Shell Recharge - Portland #17,Portland,DC Fast Charge,0,0,0.131,22,6
EV00117,Shell Recharge - Portland #17,Portland,DC Fast Charge,0,0,0.079,14,7
EV00117,Shell Recharge - Portland #17,Portland,DC Fast Charge,8,0,0.068,0,8
EV00117,Shell Recharge - Portland #17,Portland,DC Fast Charge,8,0,0.056,0,9
EV00117,Shell Recharge - Portland #17,Portland,DC Fast Charge,8,0,0.077,0,10
EV00117,Shell Recharge - Portland #17,Portland,DC Fast Charge,8,0,0.112,0,11
EV00117,Shell Recharge - Portland #17,Portland,DC Fast Charge,7,1,0.172,0,12
EV00117,Shell Recharge - Portland #17,Portland,DC Fast Charge,0,0,0.131,22,13
EV00117,Shell Recharge - Portland #17,Portland,DC Fast Charge,8,0,0.11,0,14
EV00117,Shell Recharge - Portland #17,Portland,DC Fast Charge,0,0,0.13,17,15
EV00117,Shell Recharge - Portland #17,Portland,DC Fast Charge,7,1,0.175,0,16
EV00117,Shell Recharge - Portland #17,Portland,DC Fast Charge,5,3,0.444,0,17
EV00117,Shell Recharge - Portland #17,Portland,DC Fast Charge,4,4,0.586,0,18
EV00117,Shell Recharge - Portland #17,Portland,DC Fast Charge,0,0,0.882,16,19
EV00117,Shell Recharge - Portland #17,Portland,DC Fast Charge,0,0,0.661,13,20
EV00117,Shell Recharge - Portland #17,Portland,DC Fast Charge,4,4,0.619,0,21
EV00117,Shell Recharge - Portland #17,Portland,DC Fast Charge,1,0,0.565,0,22
EV00117,Shell Recharge - Portland #17,Portland,DC Fast Charge,5,3,0.471,0,23
EV00118,Volta - San Francisco #18,San Francisco,Level 2,4,2,0.429,0,0
EV00118,Volta - San Francisco #18,San Francisco,Level 2,5,1,0.2,0,1
EV00118,Volta - San Francisco #18,San Francisco,Level 2,5,1,0.167,0,2
EV00118,Volta - San Francisco #18,San Francisco,Level 2,6,0,0.139,0,3
EV00118,Volta - San Francisco #18,San Francisco,Level 2,6,0,0.127,0,4
EV00118,Volta - San Francisco #18,San Francisco,Level 2,6,0,0.117,0,5
EV00118,Volta - San Francisco #18,San Francisco,Level 2,5,1,0.283,0,6
EV00118,Volta - San Francisco #18,San Francisco,Level 2,4,2,0.366,0,7
EV00118,Volta - San Francisco #18,San Francisco,Level 2,0,0,0.694,67,8
EV00118,Volta - San Francisco #18,San Francisco,Level 2,1,5,0.98,0,9
EV00118,Volta - San Francisco #18,San Francisco,Level 2,2,4,0.746,0,10
EV00118,Volta - San Francisco #18,San Francisco,Level 2,1,5,0.98,0,11
EV00118,Volta - San Francisco #18,San Francisco,Level 2,1,5,0.98,0,12
EV00118,Volta - San Francisco #18,San Francisco,Level 2,1,5,0.98,0,13
EV00118,Volta - San Francisco #18,San Francisco,Level 2,1,5,0.852,0,14
EV00118,Volta - San Francisco #18,San Francisco,Level 2,1,2,0.98,0,15
EV00118,Volta - San Francisco #18,San Francisco,Level 2,1,5,0.98,0,16
EV00118,Volta - San Francisco #18,San Francisco,Level 2,1,5,0.98,0,17
EV00118,Volta - San Francisco #18,San Francisco,Level 2,1,5,0.98,0,18
EV00118,Volta - San Francisco #18,San Francisco,Level 2,2,4,0.703,0,19
EV00118,Volta - San Francisco #18,San Francisco,Level 2,1,5,0.92,0,20
EV00118,Volta - San Francisco #18,San Francisco,Level 2,4,2,0.482,0,21
EV00118,Volta - San Francisco #18,San Francisco,Level 2,0,0,0.358,98,22
EV00118,Volta - San Francisco #18,San Francisco,Level 2,4,2,0.338,0,23
EV00119,Volta - San Diego #19,San Diego,Level 2,3,1,0.297,0,0
EV00119,Volta - San Diego #19,San Diego,Level 2,4,0,0.162,0,1
EV00119,Volta - San Diego #19,San Diego,Level 2,4,0,0.134,0,2
EV00119,Volta - San Diego #19,San Diego,Level 2,4,0,0.115,0,3
EV00119,Volta - San Diego #19,San Diego,Level 2,4,0,0.109,0,4
EV00119,Volta - San Diego #19,San Diego,Level 2,4,0,0.098,0,5
EV00119,Volta - San Diego #19,San Diego,Level 2,4,0,0.248,0,6
EV00119,Volta - San Diego #19,San Diego,Level 2,3,1,0.352,0,7
EV00119,Volta - San Diego #19,San Diego,Level 2,2,2,0.552,0,8
EV00119,Volta - San Diego #19,San Diego,Level 2,1,3,0.852,0,9
EV00119,Volta - San Diego #19,San Diego,Level 2,2,2,0.56,0,10
EV00119,Volta - San Diego #19,San Diego,Level 2,2,2,0.64,0,11
EV00119,Volta - San Diego #19,San Diego,Level 2,2,2,0.689,0,12
EV00119,Volta - San Diego #19,San Diego,Level 2,1,3,0.98,0,13
EV00119,Volta - San Diego #19,San Diego,Level 2,1,3,0.928,0,14
EV00119,Volta - San Diego #19,San Diego,Level 2,1,3,0.877,0,15
EV00119,Volta - San Diego #19,San Diego,Level 2,2,2,0.651,0,16
EV00119,Volta - San Diego #19,San Diego,Level 2,2,2,0.606,0,17
EV00119,Volta - San Diego #19,San Diego,Level 2,1,3,0.922,0,18
EV00119,Volta - San Diego #19,San Diego,Level 2,1,3,0.857,0,19
EV00119,Volta - San Diego #19,San Diego,Level 2,2,2,0.581,0,20
EV00119,Volta - San Diego #19,San Diego,Level 2,3,1,0.472,0,21
EV00119,Volta - San Diego #19,San Diego,Level 2,3,1,0.355,0,22
EV00119,Volta - San Diego #19,San Diego,Level 2,3,1,0.329,0,23
EV00120,Shell Recharge - New York #20,New York,DC Fast Charge,7,1,0.23,0,0
EV00120,Shell Recharge - New York #20,New York,DC Fast Charge,2,0,0.159,0,1
EV00120,Shell Recharge - New York #20,New York,DC Fast Charge,8,0,0.081,0,2
EV00120,Shell Recharge - New York #20,New York,DC Fast Charge,8,0,0.066,0,3
EV00120,Shell Recharge - New York #20,New York,DC Fast Charge,8,0,0.092,0,4
EV00120,Shell Recharge - New York #20,New York,DC Fast Charge,8,0,0.087,0,5
EV00120,Shell Recharge - New York #20,New York,DC Fast Charge,7,1,0.186,0,6
EV00120,Shell Recharge - New York #20,New York,DC Fast Charge,7,1,0.246,0,7
EV00120,Shell Recharge - New York #20,New York,DC Fast Charge,5,3,0.482,0,8
EV00120,Shell Recharge - New York #20,New York,DC Fast Charge,4,4,0.59,0,9
EV00120,Shell Recharge - New York #20,New York,DC Fast Charge,5,3,0.486,0,10
EV00120,Shell Recharge - New York #20,New York,DC Fast Charge,5,3,0.464,0,11
EV00120,Shell Recharge - New York #20,New York,DC Fast Charge,3,5,0.688,0,12
EV00120,Shell Recharge - New York #20,New York,DC Fast Charge,5,3,0.472,0,13
EV00120,Shell Recharge - New York #20,New York,DC Fast Charge,5,3,0.445,0,14
EV00120,Shell Recharge - New York #20,New York,DC Fast Charge,5,3,0.416,0,15
EV00120,Shell Recharge - New York #20,New York,DC Fast Charge,5,3,0.484,0,16
EV00120,Shell Recharge - New York #20,New York,DC Fast Charge,4,4,0.575,0,17
EV00120,Shell Recharge - New York #20,New York,DC Fast Charge,0,0,0.595,19,18
EV00120,Shell Recharge - New York #20,New York,DC Fast Charge,5,3,0.415,0,19
EV00120,Shell Recharge - New York #20,New York,DC Fast Charge,4,4,0.562,0,20
EV00120,Shell Recharge - New York #20,New York,DC Fast Charge,5,3,0.464,0,21
EV00120,Shell Recharge - New York #20,New York,DC Fast Charge,6,2,0.305,0,22
EV00120,Shell Recharge - New York #20,New York,DC Fast Charge,3,0,0.294,0,23
EV00121,Tesla Supercharger - Miami #1,Miami,Tesla DC Fast,7,1,0.172,0,0
EV00121,Tesla Supercharger - Miami #1,Miami,Tesla DC Fast,8,0,0.113,0,1
EV00121,Tesla Supercharger - Miami #1,Miami,Tesla DC Fast,8,0,0.098,0,2
EV00121,Tesla Supercharger - Miami #1,Miami,Tesla DC Fast,8,0,0.075,0,3
EV00121,Tesla Supercharger - Miami #1,Miami,Tesla DC Fast,0,0,0.067,25,4
EV00121,Tesla Supercharger - Miami #1,Miami,Tesla DC Fast,8,0,0.075,0,5
EV00121,Tesla Supercharger - Miami #1,Miami,Tesla DC Fast,7,1,0.152,0,6
EV00121,Tesla Supercharger - Miami #1,Miami,Tesla DC Fast,7,1,0.192,0,7
EV00121,Tesla Supercharger - Miami #1,Miami,Tesla DC Fast,6,2,0.331,0,8
EV00121,Tesla Supercharger - Miami #1,Miami,Tesla DC Fast,1,0,0.349,0,9
EV00121,Tesla Supercharger - Miami #1,Miami,Tesla DC Fast,5,3,0.449,0,10
EV00121,Tesla Supercharger - Miami #1,Miami,Tesla DC Fast,4,4,0.624,0,11
EV00121,Tesla Supercharger - Miami #1,Miami,Tesla DC Fast,3,5,0.74,0,12
EV00121,Tesla Supercharger - Miami #1,Miami,Tesla DC Fast,5,3,0.405,0,13
EV00121,Tesla Supercharger - Miami #1,Miami,Tesla DC Fast,5,3,0.497,0,14
EV00121,Tesla Supercharger - Miami #1,Miami,Tesla DC Fast,4,4,0.538,0,15
EV00121,Tesla Supercharger - Miami #1,Miami,Tesla DC Fast,4,4,0.541,0,16
EV00121,Tesla Supercharger - Miami #1,Miami,Tesla DC Fast,4,4,0.615,0,17
EV00121,Tesla Supercharger - Miami #1,Miami,Tesla DC Fast,4,4,0.599,0,18
EV00121,Tesla Supercharger - Miami #1,Miami,Tesla DC Fast,5,3,0.494,0,19
EV00121,Tesla Supercharger - Miami #1,Miami,Tesla DC Fast,5,3,0.418,0,20
EV00121,Tesla Supercharger - Miami #1,Miami,Tesla DC Fast,0,0,0.304,11,21
EV00121,Tesla Supercharger - Miami #1,Miami,Tesla DC Fast,7,1,0.235,0,22
EV00121,Tesla Supercharger - Miami #1,Miami,Tesla DC Fast,0,0,0.278,12,23
EV00122,Electrify America - San Francisco #2,San Francisco,DC Fast Charge,8,4,0.341,0,0
EV00122,Electrify America - San Francisco #2,San Francisco,DC Fast Charge,10,2,0.174,0,1
EV00122,Electrify America - San Francisco #2,San Francisco,DC Fast Charge,10,2,0.186,0,2
EV00122,Electrify America - San Francisco #2,San Francisco,DC Fast Charge,11,1,0.122,0,3
EV00122,Electrify America - San Francisco #2,San Francisco,DC Fast Charge,11,1,0.105,0,4
EV00122,Electrify America - San Francisco #2,San Francisco,DC Fast Charge,11,1,0.128,0,5
EV00122,Electrify America - San Francisco #2,San Francisco,DC Fast Charge,9,3,0.317,0,6
EV00122,Electrify America - San Francisco #2,San Francisco,DC Fast Charge,0,0,0.326,10,7
EV00122,Electrify America - San Francisco #2,San Francisco,DC Fast Charge,4,8,0.695,0,8
EV00122,Electrify America - San Francisco #2,San Francisco,DC Fast Charge,5,7,0.604,0,9
EV00122,Electrify America - San Francisco #2,San Francisco,DC Fast Charge,1,11,0.98,0,10
EV00122,Electrify America - San Francisco #2,San Francisco,DC Fast Charge,3,9,0.778,0,11
EV00122,Electrify America - San Francisco #2,San Francisco,DC Fast Charge,1,11,0.98,0,12
EV00122,Electrify America - San Francisco #2,San Francisco,DC Fast Charge,1,11,0.98,0,13
EV00122,Electrify America - San Francisco #2,San Francisco,DC Fast Charge,4,8,0.729,0,14
EV00122,Electrify America - San Francisco #2,San Francisco,DC Fast Charge,3,9,0.826,0,15
EV00122,Electrify America - San Francisco #2,San Francisco,DC Fast Charge,1,11,0.98,0,16
EV00122,Electrify America - San Francisco #2,San Francisco,DC Fast Charge,2,10,0.853,0,17
EV00122,Electrify America - San Francisco #2,San Francisco,DC Fast Charge,1,11,0.98,0,18
EV00122,Electrify America - San Francisco #2,San Francisco,DC Fast Charge,1,0,0.826,0,19
EV00122,Electrify America - San Francisco #2,San Francisco,DC Fast Charge,2,10,0.836,0,20
EV00122,Electrify America - San Francisco #2,San Francisco,DC Fast Charge,6,6,0.556,0,21
EV00122,Electrify America - San Francisco #2,San Francisco,DC Fast Charge,7,5,0.439,0,22
EV00122,Electrify America - San Francisco #2,San Francisco,DC Fast Charge,9,3,0.325,0,23
EV00123,EVCS - Seattle #3,Seattle,Level 2,0,0,0.134,82,0
EV00123,EVCS - Seattle #3,Seattle,Level 2,8,0,0.055,0,1
EV00123,EVCS - Seattle #3,Seattle,Level 2,8,0,0.049,0,2
EV00123,EVCS - Seattle #3,Seattle,Level 2,8,0,0.026,0,3
EV00123,EVCS - Seattle #3,Seattle,Level 2,8,0,0.025,0,4
EV00123,EVCS - Seattle #3,Seattle,Level 2,8,0,0.055,0,5
EV00123,EVCS - Seattle #3,Seattle,Level 2,8,0,0.106,0,6
EV00123,EVCS - Seattle #3,Seattle,Level 2,5,3,0.375,0,7
EV00123,EVCS - Seattle #3,Seattle,Level 2,4,4,0.623,0,8
EV00123,EVCS - Seattle #3,Seattle,Level 2,3,5,0.7,0,9
EV00123,EVCS - Seattle #3,Seattle,Level 2,3,5,0.747,0,10
EV00123,EVCS - Seattle #3,Seattle,Level 2,1,7,0.98,0,11
EV00123,EVCS - Seattle #3,Seattle,Level 2,1,7,0.98,0,12
EV00123,EVCS - Seattle #3,Seattle,Level 2,1,7,0.911,0,13
EV00123,EVCS - Seattle #3,Seattle,Level 2,3,5,0.724,0,14
EV00123,EVCS - Seattle #3,Seattle,Level 2,3,5,0.718,0,15
EV00123,EVCS - Seattle #3,Seattle,Level 2,3,5,0.698,0,16
EV00123,EVCS - Seattle #3,Seattle,Level 2,1,7,0.98,0,17
EV00123,EVCS - Seattle #3,Seattle,Level 2,1,7,0.98,0,18
EV00123,EVCS - Seattle #3,Seattle,Level 2,1,7,0.891,0,19
EV00123,EVCS - Seattle #3,Seattle,Level 2,1,7,0.98,0,20
EV00123,EVCS - Seattle #3,Seattle,Level 2,2,6,0.798,0,21
EV00123,EVCS - Seattle #3,Seattle,Level 2,4,4,0.506,0,22
EV00123,EVCS - Seattle #3,Seattle,Level 2,7,1,0.238,0,23
EV00124,Blink - Minneapolis #4,Minneapolis,DC Fast Charge,5,1,0.208,0,0
EV00124,Blink - Minneapolis #4,Minneapolis,DC Fast Charge,6,0,0.166,0,1
EV00124,Blink - Minneapolis #4,Minneapolis,DC Fast Charge,6,0,0.11,0,2
EV00124,Blink - Minneapolis #4,Minneapolis,DC Fast Charge,6,0,0.055,0,3
EV00124,Blink - Minneapolis #4,Minneapolis,DC Fast Charge,6,0,0.064,0,4
EV00124,Blink - Minneapolis #4,Minneapolis,DC Fast Charge,6,0,0.08,0,5
EV00124,Blink - Minneapolis #4,Minneapolis,DC Fast Charge,5,1,0.167,0,6
EV00124,Blink - Minneapolis #4,Minneapolis,DC Fast Charge,5,1,0.238,0,7
EV00124,Blink - Minneapolis #4,Minneapolis,DC Fast Charge,5,1,0.276,0,8
EV00124,Blink - Minneapolis #4,Minneapolis,DC Fast Charge,4,2,0.348,0,9
EV00124,Blink - Minneapolis #4,Minneapolis,DC Fast Charge,3,3,0.573,0,10
EV00124,Blink - Minneapolis #4,Minneapolis,DC Fast Charge,4,2,0.419,0,11
EV00124,Blink - Minneapolis #4,Minneapolis,DC Fast Charge,2,1,0.483,0,12
EV00124,Blink - Minneapolis #4,Minneapolis,DC Fast Charge,4,2,0.398,0,13
EV00124,Blink - Minneapolis #4,Minneapolis,DC Fast Charge,4,2,0.466,0,14
EV00124,Blink - Minneapolis #4,Minneapolis,DC Fast Charge,3,3,0.525,0,15
EV00124,Blink - Minneapolis #4,Minneapolis,DC Fast Charge,4,2,0.418,0,16
EV00124,Blink - Minneapolis #4,Minneapolis,DC Fast Charge,3,3,0.646,0,17
EV00124,Blink - Minneapolis #4,Minneapolis,DC Fast Charge,4,2,0.483,0,18
EV00124,Blink - Minneapolis #4,Minneapolis,DC Fast Charge,3,3,0.553,0,19
EV00124,Blink - Minneapolis #4,Minneapolis,DC Fast Charge,0,0,0.414,14,20
EV00124,Blink - Minneapolis #4,Minneapolis,DC Fast Charge,4,2,0.341,0,21
EV00124,Blink - Minneapolis #4,Minneapolis,DC Fast Charge,5,1,0.215,0,22
EV00124,Blink - Minneapolis #4,Minneapolis,DC Fast Charge,5,1,0.184,0,23
EV00125,Shell Recharge - Phoenix #5,Phoenix,DC Fast Charge,2,0,0.12,0,0
EV00125,Shell Recharge - Phoenix #5,Phoenix,DC Fast Charge,2,0,0.046,0,1
EV00125,Shell Recharge - Phoenix #5,Phoenix,DC Fast Charge,2,0,0.026,0,2
EV00125,Shell Recharge - Phoenix #5,Phoenix,DC Fast Charge,2,0,0.024,0,3
EV00125,Shell Recharge - Phoenix #5,Phoenix,DC Fast Charge,2,0,0.023,0,4
EV00125,Shell Recharge - Phoenix #5,Phoenix,DC Fast Charge,2,0,0.047,0,5
EV00125,Shell Recharge - Phoenix #5,Phoenix,DC Fast Charge,2,0,0.109,0,6
EV00125,Shell Recharge - Phoenix #5,Phoenix,DC Fast Charge,2,0,0.241,0,7
EV00125,Shell Recharge - Phoenix #5,Phoenix,DC Fast Charge,2,0,0.481,0,8
EV00125,Shell Recharge - Phoenix #5,Phoenix,DC Fast Charge,2,0,0.433,0,9
EV00125,Shell Recharge - Phoenix #5,Phoenix,DC Fast Charge,1,1,0.751,0,10
EV00125,Shell Recharge - Phoenix #5,Phoenix,DC Fast Charge,1,1,0.788,0,11
EV00125,Shell Recharge - Phoenix #5,Phoenix,DC Fast Charge,1,1,0.667,0,12
EV00125,Shell Recharge - Phoenix #5,Phoenix,DC Fast Charge,0,0,0.667,19,13
EV00125,Shell Recharge - Phoenix #5,Phoenix,DC Fast Charge,2,0,0.487,0,14
EV00125,Shell Recharge - Phoenix #5,Phoenix,DC Fast Charge,1,1,0.524,0,15
EV00125,Shell Recharge - Phoenix #5,Phoenix,DC Fast Charge,1,1,0.592,0,16
EV00125,Shell Recharge - Phoenix #5,Phoenix,DC Fast Charge,1,1,0.635,0,17
EV00125,Shell Recharge - Phoenix #5,Phoenix,DC Fast Charge,1,0,0.743,0,18
EV00125,Shell Recharge - Phoenix #5,Phoenix,DC Fast Charge,0,0,0.794,16,19
EV00125,Shell Recharge - Phoenix #5,Phoenix,DC Fast Charge,1,0,0.62,0,20
EV00125,Shell Recharge - Phoenix #5,Phoenix,DC Fast Charge,2,0,0.409,0,21
EV00125,Shell Recharge - Phoenix #5,Phoenix,DC Fast Charge,2,0,0.364,0,22
EV00125,Shell Recharge - Phoenix #5,Phoenix,DC Fast Charge,2,0,0.176,0,23
EV00126,ChargePoint - Phoenix #6,Phoenix,DC Fast Charge,4,0,0.19,0,0
EV00126,ChargePoint - Phoenix #6,Phoenix,DC Fast Charge,4,0,0.127,0,1
EV00126,ChargePoint - Phoenix #6,Phoenix,DC Fast Charge,4,0,0.112,0,2
EV00126,ChargePoint - Phoenix #6,Phoenix,DC Fast Charge,4,0,0.074,0,3
EV00126,ChargePoint - Phoenix #6,Phoenix,DC Fast Charge,4,0,0.055,0,4
EV00126,ChargePoint - Phoenix #6,Phoenix,DC Fast Charge,1,0,0.099,0,5
EV00126,ChargePoint - Phoenix #6,Phoenix,DC Fast Charge,4,0,0.178,0,6
EV00126,ChargePoint - Phoenix #6,Phoenix,DC Fast Charge,4,0,0.209,0,7
EV00126,ChargePoint - Phoenix #6,Phoenix,DC Fast Charge,3,1,0.423,0,8
EV00126,ChargePoint - Phoenix #6,Phoenix,DC Fast Charge,2,2,0.562,0,9
EV00126,ChargePoint - Phoenix #6,Phoenix,DC Fast Charge,3,1,0.385,0,10
EV00126,ChargePoint - Phoenix #6,Phoenix,DC Fast Charge,2,2,0.627,0,11
EV00126,ChargePoint - Phoenix #6,Phoenix,DC Fast Charge,2,2,0.592,0,12
EV00126,ChargePoint - Phoenix #6,Phoenix,DC Fast Charge,2,2,0.647,0,13
EV00126,ChargePoint - Phoenix #6,Phoenix,DC Fast Charge,2,2,0.502,0,14
EV00126,ChargePoint - Phoenix #6,Phoenix,DC Fast Charge,2,2,0.563,0,15
EV00126,ChargePoint - Phoenix #6,Phoenix,DC Fast Charge,1,3,0.767,0,16
EV00126,ChargePoint - Phoenix #6,Phoenix,DC Fast Charge,2,2,0.515,0,17
EV00126,ChargePoint - Phoenix #6,Phoenix,DC Fast Charge,2,2,0.744,0,18
EV00126,ChargePoint - Phoenix #6,Phoenix,DC Fast Charge,2,2,0.536,0,19
EV00126,ChargePoint - Phoenix #6,Phoenix,DC Fast Charge,3,1,0.362,0,20
EV00126,ChargePoint - Phoenix #6,Phoenix,DC Fast Charge,3,1,0.357,0,21
EV00126,ChargePoint - Phoenix #6,Phoenix,DC Fast Charge,3,1,0.266,0,22
EV00126,ChargePoint - Phoenix #6,Phoenix,DC Fast Charge,4,0,0.24,0,23
EV00127,Blink - San Diego #7,San Diego,Level 2,7,1,0.147,0,0
EV00127,Blink - San Diego #7,San Diego,Level 2,8,0,0.082,0,1
EV00127,Blink - San Diego #7,San Diego,Level 2,8,0,0.028,0,2
EV00127,Blink - San Diego #7,San Diego,Level 2,8,0,0.03,0,3
EV00127,Blink - San Diego #7,San Diego,Level 2,8,0,0.022,0,4
EV00127,Blink - San Diego #7,San Diego,Level 2,8,0,0.076,0,5
EV00127,Blink - San Diego #7,San Diego,Level 2,7,1,0.147,0,6
EV00127,Blink - San Diego #7,San Diego,Level 2,6,2,0.368,0,7
EV00127,Blink - San Diego #7,San Diego,Level 2,4,4,0.601,0,8
EV00127,Blink - San Diego #7,San Diego,Level 2,2,6,0.857,0,9
EV00127,Blink - San Diego #7,San Diego,Level 2,3,5,0.638,0,10
EV00127,Blink - San Diego #7,San Diego,Level 2,1,7,0.98,0,11
EV00127,Blink - San Diego #7,San Diego,Level 2,2,6,0.773,0,12
EV00127,Blink - San Diego #7,San Diego,Level 2,1,7,0.928,0,13
EV00127,Blink - San Diego #7,San Diego,Level 2,3,5,0.702,0,14
EV00127,Blink - San Diego #7,San Diego,Level 2,4,4,0.618,0,15
EV00127,Blink - San Diego #7,San Diego,Level 2,4,4,0.573,0,16
EV00127,Blink - San Diego #7,San Diego,Level 2,1,1,0.766,0,17
EV00127,Blink - San Diego #7,San Diego,Level 2,1,7,0.926,0,18
EV00127,Blink - San Diego #7,San Diego,Level 2,1,7,0.98,0,19
EV00127,Blink - San Diego #7,San Diego,Level 2,3,5,0.727,0,20
EV00127,Blink - San Diego #7,San Diego,Level 2,2,6,0.766,0,21
EV00127,Blink - San Diego #7,San Diego,Level 2,5,3,0.417,0,22
EV00127,Blink - San Diego #7,San Diego,Level 2,0,0,0.338,132,23
EV00128,ChargePoint - New York #8,New York,Level 2,5,1,0.233,0,0
EV00128,ChargePoint - New York #8,New York,Level 2,6,0,0.147,0,1
EV00128,ChargePoint - New York #8,New York,Level 2,3,0,0.104,0,2
EV00128,ChargePoint - New York #8,New York,Level 2,6,0,0.082,0,3
EV00128,ChargePoint - New York #8,New York,Level 2,6,0,0.099,0,4
EV00128,ChargePoint - New York #8,New York,Level 2,6,0,0.099,0,5
EV00128,ChargePoint - New York #8,New York,Level 2,6,0,0.126,0,6
EV00128,ChargePoint - New York #8,New York,Level 2,5,1,0.238,0,7
EV00128,ChargePoint - New York #8,New York,Level 2,4,2,0.471,0,8
EV00128,ChargePoint - New York #8,New York,Level 2,4,2,0.387,0,9
EV00128,ChargePoint - New York #8,New York,Level 2,2,4,0.67,0,10
EV00128,ChargePoint - New York #8,New York,Level 2,3,3,0.573,0,11
EV00128,ChargePoint - New York #8,New York,Level 2,4,2,0.481,0,12
EV00128,ChargePoint - New York #8,New York,Level 2,3,3,0.608,0,13
EV00128,ChargePoint - New York #8,New York,Level 2,4,2,0.449,0,14
EV00128,ChargePoint - New York #8,New York,Level 2,3,3,0.617,0,15
EV00128,ChargePoint - New York #8,New York,Level 2,3,3,0.569,0,16
EV00128,ChargePoint - New York #8,New York,Level 2,2,4,0.733,0,17
EV00128,ChargePoint - New York #8,New York,Level 2,4,2,0.483,0,18
EV00128,ChargePoint - New York #8,New York,Level 2,4,2,0.418,0,19
EV00128,ChargePoint - New York #8,New York,Level 2,3,3,0.517,0,20
EV00128,ChargePoint - New York #8,New York,Level 2,4,2,0.335,0,21
EV00128,ChargePoint - New York #8,New York,Level 2,5,1,0.244,0,22
EV00128,ChargePoint - New York #8,New York,Level 2,5,1,0.193,0,23
EV00129,Tesla Supercharger - Phoenix #9,Phoenix,Tesla DC Fast,7,1,0.143,0,0
EV00129,Tesla Supercharger - Phoenix #9,Phoenix,Tesla DC Fast,7,1,0.191,0,1
EV00129,Tesla Supercharger - Phoenix #9,Phoenix,Tesla DC Fast,0,0,0.099,22,2
EV00129,Tesla Supercharger - Phoenix #9,Phoenix,Tesla DC Fast,8,0,0.071,0,3
EV00129,Tesla Supercharger - Phoenix #9,Phoenix,Tesla DC Fast,8,0,0.097,0,4
EV00129,Tesla Supercharger - Phoenix #9,Phoenix,Tesla DC Fast,8,0,0.084,0,5
EV00129,Tesla Supercharger - Phoenix #9,Phoenix,Tesla DC Fast,7,1,0.131,0,6
EV00129,Tesla Supercharger - Phoenix #9,Phoenix,Tesla DC Fast,7,1,0.219,0,7
EV00129,Tesla Supercharger - Phoenix #9,Phoenix,Tesla DC Fast,6,2,0.353,0,8
EV00129,Tesla Supercharger - Phoenix #9,Phoenix,Tesla DC Fast,5,3,0.458,0,9
EV00129,Tesla Supercharger - Phoenix #9,Phoenix,Tesla DC Fast,4,4,0.513,0,10
EV00129,Tesla Supercharger - Phoenix #9,Phoenix,Tesla DC Fast,4,4,0.611,0,11
EV00129,Tesla Supercharger - Phoenix #9,Phoenix,Tesla DC Fast,1,1,0.691,0,12
EV00129,Tesla Supercharger - Phoenix #9,Phoenix,Tesla DC Fast,4,4,0.576,0,13
EV00129,Tesla Supercharger - Phoenix #9,Phoenix,Tesla DC Fast,5,3,0.385,0,14
EV00129,Tesla Supercharger - Phoenix #9,Phoenix,Tesla DC Fast,4,4,0.612,0,15
EV00129,Tesla Supercharger - Phoenix #9,Phoenix,Tesla DC Fast,3,5,0.655,0,16
EV00129,Tesla Supercharger - Phoenix #9,Phoenix,Tesla DC Fast,5,3,0.449,0,17
EV00129,Tesla Supercharger - Phoenix #9,Phoenix,Tesla DC Fast,4,4,0.503,0,18
EV00129,Tesla Supercharger - Phoenix #9,Phoenix,Tesla DC Fast,4,4,0.605,0,19
EV00129,Tesla Supercharger - Phoenix #9,Phoenix,Tesla DC Fast,1,1,0.555,0,20
EV00129,Tesla Supercharger - Phoenix #9,Phoenix,Tesla DC Fast,6,2,0.326,0,21
EV00129,Tesla Supercharger - Phoenix #9,Phoenix,Tesla DC Fast,6,2,0.309,0,22
EV00129,Tesla Supercharger - Phoenix #9,Phoenix,Tesla DC Fast,7,1,0.196,0,23
EV00130,EVCS - Phoenix #10,Phoenix,Level 2,6,0,0.143,0,0
EV00130,EVCS - Phoenix #10,Phoenix,Level 2,6,0,0.141,0,1
EV00130,EVCS - Phoenix #10,Phoenix,Level 2,6,0,0.094,0,2
EV00130,EVCS - Phoenix #10,Phoenix,Level 2,6,0,0.074,0,3
EV00130,EVCS - Phoenix #10,Phoenix,Level 2,6,0,0.08,0,4
EV00130,EVCS - Phoenix #10,Phoenix,Level 2,6,0,0.109,0,5
EV00130,EVCS - Phoenix #10,Phoenix,Level 2,6,0,0.15,0,6
EV00130,EVCS - Phoenix #10,Phoenix,Level 2,5,1,0.185,0,7
EV00130,EVCS - Phoenix #10,Phoenix,Level 2,5,1,0.292,0,8
EV00130,EVCS - Phoenix #10,Phoenix,Level 2,3,3,0.591,0,9
EV00130,EVCS - Phoenix #10,Phoenix,Level 2,3,3,0.514,0,10
EV00130,EVCS - Phoenix #10,Phoenix,Level 2,4,2,0.43,0,11
EV00130,EVCS - Phoenix #10,Phoenix,Level 2,3,3,0.528,0,12
EV00130,EVCS - Phoenix #10,Phoenix,Level 2,4,2,0.453,0,13
EV00130,EVCS - Phoenix #10,Phoenix,Level 2,4,2,0.472,0,14
EV00130,EVCS - Phoenix #10,Phoenix,Level 2,1,0,0.619,0,15
EV00130,EVCS - Phoenix #10,Phoenix,Level 2,3,3,0.599,0,16
EV00130,EVCS - Phoenix #10,Phoenix,Level 2,3,3,0.543,0,17
EV00130,EVCS - Phoenix #10,Phoenix,Level 2,4,2,0.422,0,18
EV00130,EVCS - Phoenix #10,Phoenix,Level 2,1,1,0.582,0,19
EV00130,EVCS - Phoenix #10,Phoenix,Level 2,4,2,0.435,0,20
EV00130,EVCS - Phoenix #10,Phoenix,Level 2,5,1,0.306,0,21
EV00130,EVCS - Phoenix #10,Phoenix,Level 2,5,1,0.302,0,22
EV00130,EVCS - Phoenix #10,Phoenix,Level 2,5,1,0.29,0,23
EV00131,Electrify America - Phoenix #11,Phoenix,DC Fast Charge,5,1,0.233,0,0
EV00131,Electrify America - Phoenix #11,Phoenix,DC Fast Charge,6,0,0.102,0,1
EV00131,Electrify America - Phoenix #11,Phoenix,DC Fast Charge,3,0,0.068,0,2
EV00131,Electrify America - Phoenix #11,Phoenix,DC Fast Charge,3,0,0.084,0,3
EV00131,Electrify America - Phoenix #11,Phoenix,DC Fast Charge,6,0,0.066,0,4
EV00131,Electrify America - Phoenix #11,Phoenix,DC Fast Charge,6,0,0.089,0,5
EV00131,Electrify America - Phoenix #11,Phoenix,DC Fast Charge,5,1,0.169,0,6
EV00131,Electrify America - Phoenix #11,Phoenix,DC Fast Charge,5,1,0.192,0,7
EV00131,Electrify America - Phoenix #11,Phoenix,DC Fast Charge,4,2,0.335,0,8
EV00131,Electrify America - Phoenix #11,Phoenix,DC Fast Charge,4,2,0.398,0,9
EV00131,Electrify America - Phoenix #11,Phoenix,DC Fast Charge,4,2,0.486,0,10
EV00131,Electrify America - Phoenix #11,Phoenix,DC Fast Charge,4,2,0.424,0,11
EV00131,Electrify America - Phoenix #11,Phoenix,DC Fast Charge,2,4,0.72,0,12
EV00131,Electrify America - Phoenix #11,Phoenix,DC Fast Charge,4,2,0.494,0,13
EV00131,Electrify America - Phoenix #11,Phoenix,DC Fast Charge,3,3,0.603,0,14
EV00131,Electrify America - Phoenix #11,Phoenix,DC Fast Charge,3,3,0.518,0,15
EV00131,Electrify America - Phoenix #11,Phoenix,DC Fast Charge,4,2,0.417,0,16
EV00131,Electrify America - Phoenix #11,Phoenix,DC Fast Charge,3,3,0.534,0,17
EV00131,Electrify America - Phoenix #11,Phoenix,DC Fast Charge,3,3,0.523,0,18
EV00131,Electrify America - Phoenix #11,Phoenix,DC Fast Charge,2,4,0.711,0,19
EV00131,Electrify America - Phoenix #11,Phoenix,DC Fast Charge,4,2,0.405,0,20
EV00131,Electrify America - Phoenix #11,Phoenix,DC Fast Charge,0,0,0.32,13,21
EV00131,Electrify America - Phoenix #11,Phoenix,DC Fast Charge,5,1,0.303,0,22
EV00131,Electrify America - Phoenix #11,Phoenix,DC Fast Charge,5,1,0.183,0,23
EV00132,Shell Recharge - Minneapolis #12,Minneapolis,DC Fast Charge,7,1,0.221,0,0
EV00132,Shell Recharge - Minneapolis #12,Minneapolis,DC Fast Charge,7,1,0.147,0,1
EV00132,Shell Recharge - Minneapolis #12,Minneapolis,DC Fast Charge,8,0,0.072,0,2
EV00132,Shell Recharge - Minneapolis #12,Minneapolis,DC Fast Charge,8,0,0.067,0,3
EV00132,Shell Recharge - Minneapolis #12,Minneapolis,DC Fast Charge,8,0,0.074,0,4
EV00132,Shell Recharge - Minneapolis #12,Minneapolis,DC Fast Charge,8,0,0.105,0,5
EV00132,Shell Recharge - Minneapolis #12,Minneapolis,DC Fast Charge,7,1,0.129,0,6
EV00132,Shell Recharge - Minneapolis #12,Minneapolis,DC Fast Charge,6,2,0.262,0,7
EV00132,Shell Recharge - Minneapolis #12,Minneapolis,DC Fast Charge,6,2,0.356,0,8
EV00132,Shell Recharge - Minneapolis #12,Minneapolis,DC Fast Charge,3,2,0.535,0,9
EV00132,Shell Recharge - Minneapolis #12,Minneapolis,DC Fast Charge,5,3,0.386,0,10
EV00132,Shell Recharge - Minneapolis #12,Minneapolis,DC Fast Charge,4,4,0.611,0,11
EV00132,Shell Recharge - Minneapolis #12,Minneapolis,DC Fast Charge,5,3,0.478,0,12
EV00132,Shell Recharge - Minneapolis #12,Minneapolis,DC Fast Charge,4,4,0.527,0,13
EV00132,Shell Recharge - Minneapolis #12,Minneapolis,DC Fast Charge,5,3,0.478,0,14
EV00132,Shell Recharge - Minneapolis #12,Minneapolis,DC Fast Charge,4,4,0.526,0,15
EV00132,Shell Recharge - Minneapolis #12,Minneapolis,DC Fast Charge,4,4,0.54,0,16
EV00132,Shell Recharge - Minneapolis #12,Minneapolis,DC Fast Charge,3,5,0.641,0,17
EV00132,Shell Recharge - Minneapolis #12,Minneapolis,DC Fast Charge,4,4,0.604,0,18
EV00132,Shell Recharge - Minneapolis #12,Minneapolis,DC Fast Charge,5,3,0.468,0,19
EV00132,Shell Recharge - Minneapolis #12,Minneapolis,DC Fast Charge,2,0,0.39,0,20
EV00132,Shell Recharge - Minneapolis #12,Minneapolis,DC Fast Charge,6,2,0.282,0,21
EV00132,Shell Recharge - Minneapolis #12,Minneapolis,DC Fast Charge,7,1,0.235,0,22
EV00132,Shell Recharge - Minneapolis #12,Minneapolis,DC Fast Charge,7,1,0.187,0,23
EV00133,Electrify America - Miami #13,Miami,Hyper-Fast,6,0,0.155,0,0
EV00133,Electrify America - Miami #13,Miami,Hyper-Fast,12,0,0.071,0,1
EV00133,Electrify America - Miami #13,Miami,Hyper-Fast,12,0,0.055,0,2
EV00133,Electrify America - Miami #13,Miami,Hyper-Fast,12,0,0.03,0,3
EV00133,Electrify America - Miami #13,Miami,Hyper-Fast,12,0,0.033,0,4
EV00133,Electrify America - Miami #13,Miami,Hyper-Fast,11,1,0.116,0,5
EV00133,Electrify America - Miami #13,Miami,Hyper-Fast,10,2,0.186,0,6
EV00133,Electrify America - Miami #13,Miami,Hyper-Fast,9,3,0.288,0,7
EV00133,Electrify America - Miami #13,Miami,Hyper-Fast,5,7,0.649,0,8
EV00133,Electrify America - Miami #13,Miami,Hyper-Fast,8,4,0.362,0,9
EV00133,Electrify America - Miami #13,Miami,Hyper-Fast,7,5,0.429,0,10
EV00133,Electrify America - Miami #13,Miami,Hyper-Fast,5,7,0.609,0,11
EV00133,Electrify America - Miami #13,Miami,Hyper-Fast,4,8,0.715,0,12
EV00133,Electrify America - Miami #13,Miami,Hyper-Fast,3,2,0.43,0,13
EV00133,Electrify America - Miami #13,Miami,Hyper-Fast,6,6,0.547,0,14
EV00133,Electrify America - Miami #13,Miami,Hyper-Fast,7,5,0.487,0,15
EV00133,Electrify America - Miami #13,Miami,Hyper-Fast,7,5,0.457,0,16
EV00133,Electrify America - Miami #13,Miami,Hyper-Fast,2,10,0.844,0,17
EV00133,Electrify America - Miami #13,Miami,Hyper-Fast,5,7,0.597,0,18
EV00133,Electrify America - Miami #13,Miami,Hyper-Fast,0,0,0.495,25,19
EV00133,Electrify America - Miami #13,Miami,Hyper-Fast,8,4,0.381,0,20
EV00133,Electrify America - Miami #13,Miami,Hyper-Fast,9,3,0.309,0,21
EV00133,Electrify America - Miami #13,Miami,Hyper-Fast,8,4,0.334,0,22
EV00133,Electrify America - Miami #13,Miami,Hyper-Fast,10,2,0.179,0,23
EV00134,Shell Recharge - Atlanta #14,Atlanta,DC Fast Charge,0,0,0.126,9,0
EV00134,Shell Recharge - Atlanta #14,Atlanta,DC Fast Charge,15,1,0.081,0,1
EV00134,Shell Recharge - Atlanta #14,Atlanta,DC Fast Charge,16,0,0.047,0,2
EV00134,Shell Recharge - Atlanta #14,Atlanta,DC Fast Charge,0,0,0.031,9,3
EV00134,Shell Recharge - Atlanta #14,Atlanta,DC Fast Charge,16,0,0.045,0,4
EV00134,Shell Recharge - Atlanta #14,Atlanta,DC Fast Charge,15,1,0.074,0,5
EV00134,Shell Recharge - Atlanta #14,Atlanta,DC Fast Charge,14,2,0.186,0,6
EV00134,Shell Recharge - Atlanta #14,Atlanta,DC Fast Charge,10,6,0.429,0,7
EV00134,Shell Recharge - Atlanta #14,Atlanta,DC Fast Charge,8,8,0.552,0,8
EV00134,Shell Recharge - Atlanta #14,Atlanta,DC Fast Charge,10,6,0.433,0,9
EV00134,Shell Recharge - Atlanta #14,Atlanta,DC Fast Charge,8,8,0.547,0,10
EV00134,Shell Recharge - Atlanta #14,Atlanta,DC Fast Charge,8,8,0.522,0,11
EV00134,Shell Recharge - Atlanta #14,Atlanta,DC Fast Charge,7,9,0.576,0,12
EV00134,Shell Recharge - Atlanta #14,Atlanta,DC Fast Charge,2,1,0.596,0,13
EV00134,Shell Recharge - Atlanta #14,Atlanta,DC Fast Charge,8,8,0.529,0,14
EV00134,Shell Recharge - Atlanta #14,Atlanta,DC Fast Charge,9,7,0.482,0,15
EV00134,Shell Recharge - Atlanta #14,Atlanta,DC Fast Charge,7,9,0.617,0,16
EV00134,Shell Recharge - Atlanta #14,Atlanta,DC Fast Charge,7,9,0.564,0,17
EV00134,Shell Recharge - Atlanta #14,Atlanta,DC Fast Charge,9,7,0.45,0,18
EV00134,Shell Recharge - Atlanta #14,Atlanta,DC Fast Charge,3,2,0.459,0,19
EV00134,Shell Recharge - Atlanta #14,Atlanta,DC Fast Charge,0,0,0.476,22,20
EV00134,Shell Recharge - Atlanta #14,Atlanta,DC Fast Charge,10,6,0.4,0,21
EV00134,Shell Recharge - Atlanta #14,Atlanta,DC Fast Charge,13,3,0.241,0,22
EV00134,Shell Recharge - Atlanta #14,Atlanta,DC Fast Charge,14,2,0.161,0,23
EV00135,Volta - New York #15,New York,Level 2,4,0,0.082,0,0
EV00135,Volta - New York #15,New York,Level 2,4,0,0.041,0,1
EV00135,Volta - New York #15,New York,Level 2,4,0,0.026,0,2
EV00135,Volta - New York #15,New York,Level 2,4,0,0.02,0,3
EV00135,Volta - New York #15,New York,Level 2,4,0,0.023,0,4
EV00135,Volta - New York #15,New York,Level 2,4,0,0.047,0,5
EV00135,Volta - New York #15,New York,Level 2,4,0,0.117,0,6
EV00135,Volta - New York #15,New York,Level 2,1,0,0.282,0,7
EV00135,Volta - New York #15,New York,Level 2,3,1,0.322,0,8
EV00135,Volta - New York #15,New York,Level 2,2,2,0.509,0,9
EV00135,Volta - New York #15,New York,Level 2,2,2,0.507,0,10
EV00135,Volta - New York #15,New York,Level 2,1,3,0.753,0,11
EV00135,Volta - New York #15,New York,Level 2,2,2,0.681,0,12
EV00135,Volta - New York #15,New York,Level 2,1,3,0.761,0,13
EV00135,Volta - New York #15,New York,Level 2,1,3,0.79,0,14
EV00135,Volta - New York #15,New York,Level 2,2,0,0.494,0,15
EV00135,Volta - New York #15,New York,Level 2,2,2,0.67,0,16
EV00135,Volta - New York #15,New York,Level 2,1,3,0.795,0,17
EV00135,Volta - New York #15,New York,Level 2,2,2,0.746,0,18
EV00135,Volta - New York #15,New York,Level 2,1,3,0.76,0,19
EV00135,Volta - New York #15,New York,Level 2,2,2,0.705,0,20
EV00135,Volta - New York #15,New York,Level 2,2,2,0.664,0,21
EV00135,Volta - New York #15,New York,Level 2,3,1,0.432,0,22
EV00135,Volta - New York #15,New York,Level 2,4,0,0.201,0,23
EV00136,Electrify America - Miami #16,Miami,Hyper-Fast,8,0,0.11,0,0
EV00136,Electrify America - Miami #16,Miami,Hyper-Fast,8,0,0.072,0,1
EV00136,Electrify America - Miami #16,Miami,Hyper-Fast,8,0,0.037,0,2
EV00136,Electrify America - Miami #16,Miami,Hyper-Fast,0,0,0.038,15,3
EV00136,Electrify America - Miami #16,Miami,Hyper-Fast,8,0,0.037,0,4
EV00136,Electrify America - Miami #16,Miami,Hyper-Fast,8,0,0.071,0,5
EV00136,Electrify America - Miami #16,Miami,Hyper-Fast,7,1,0.162,0,6
EV00136,Electrify America - Miami #16,Miami,Hyper-Fast,5,3,0.392,0,7
EV00136,Electrify America - Miami #16,Miami,Hyper-Fast,4,4,0.54,0,8
EV00136,Electrify America - Miami #16,Miami,Hyper-Fast,4,4,0.521,0,9
EV00136,Electrify America - Miami #16,Miami,Hyper-Fast,4,4,0.503,0,10
EV00136,Electrify America - Miami #16,Miami,Hyper-Fast,3,5,0.692,0,11
EV00136,Electrify America - Miami #16,Miami,Hyper-Fast,4,4,0.509,0,12
EV00136,Electrify America - Miami #16,Miami,Hyper-Fast,3,5,0.723,0,13
EV00136,Electrify America - Miami #16,Miami,Hyper-Fast,4,4,0.544,0,14
EV00136,Electrify America - Miami #16,Miami,Hyper-Fast,5,3,0.477,0,15
EV00136,Electrify America - Miami #16,Miami,Hyper-Fast,3,5,0.705,0,16
EV00136,Electrify America - Miami #16,Miami,Hyper-Fast,5,3,0.496,0,17
EV00136,Electrify America - Miami #16,Miami,Hyper-Fast,4,4,0.572,0,18
EV00136,Electrify America - Miami #16,Miami,Hyper-Fast,4,4,0.516,0,19
EV00136,Electrify America - Miami #16,Miami,Hyper-Fast,5,3,0.439,0,20
EV00136,Electrify America - Miami #16,Miami,Hyper-Fast,6,2,0.328,0,21
EV00136,Electrify America - Miami #16,Miami,Hyper-Fast,6,2,0.264,0,22
EV00136,Electrify America - Miami #16,Miami,Hyper-Fast,7,1,0.161,0,23
EV00137,Shell Recharge - San Diego #17,San Diego,DC Fast Charge,5,1,0.265,0,0
EV00137,Shell Recharge - San Diego #17,San Diego,DC Fast Charge,5,1,0.178,0,1
EV00137,Shell Recharge - San Diego #17,San Diego,DC Fast Charge,6,0,0.12,0,2
EV00137,Shell Recharge - San Diego #17,San Diego,DC Fast Charge,6,0,0.085,0,3
EV00137,Shell Recharge - San Diego #17,San Diego,DC Fast Charge,6,0,0.079,0,4
EV00137,Shell Recharge - San Diego #17,San Diego,DC Fast Charge,5,1,0.167,0,5
EV00137,Shell Recharge - San Diego #17,San Diego,DC Fast Charge,4,0,0.189,0,6
EV00137,Shell Recharge - San Diego #17,San Diego,DC Fast Charge,4,2,0.369,0,7
EV00137,Shell Recharge - San Diego #17,San Diego,DC Fast Charge,4,2,0.376,0,8
EV00137,Shell Recharge - San Diego #17,San Diego,DC Fast Charge,2,4,0.726,0,9
EV00137,Shell Recharge - San Diego #17,San Diego,DC Fast Charge,1,0,0.88,0,10
EV00137,Shell Recharge - San Diego #17,San Diego,DC Fast Charge,2,4,0.764,0,11
EV00137,Shell Recharge - San Diego #17,San Diego,DC Fast Charge,1,5,0.887,0,12
EV00137,Shell Recharge - San Diego #17,San Diego,DC Fast Charge,1,0,0.606,0,13
EV00137,Shell Recharge - San Diego #17,San Diego,DC Fast Charge,3,3,0.64,0,14
EV00137,Shell Recharge - San Diego #17,San Diego,DC Fast Charge,3,3,0.641,0,15
EV00137,Shell Recharge - San Diego #17,San Diego,DC Fast Charge,2,4,0.771,0,16
EV00137,Shell Recharge - San Diego #17,San Diego,DC Fast Charge,2,4,0.784,0,17
EV00137,Shell Recharge - San Diego #17,San Diego,DC Fast Charge,1,5,0.963,0,18
EV00137,Shell Recharge - San Diego #17,San Diego,DC Fast Charge,2,4,0.797,0,19
EV00137,Shell Recharge - San Diego #17,San Diego,DC Fast Charge,4,2,0.496,0,20
EV00137,Shell Recharge - San Diego #17,San Diego,DC Fast Charge,4,2,0.361,0,21
EV00137,Shell Recharge - San Diego #17,San Diego,DC Fast Charge,4,2,0.406,0,22
EV00137,Shell Recharge - San Diego #17,San Diego,DC Fast Charge,5,1,0.323,0,23
EV00138,Volta - Miami #18,Miami,Level 2,7,1,0.134,0,0
EV00138,Volta - Miami #18,Miami,Level 2,7,1,0.138,0,1
EV00138,Volta - Miami #18,Miami,Level 2,8,0,0.092,0,2
EV00138,Volta - Miami #18,Miami,Level 2,8,0,0.071,0,3
EV00138,Volta - Miami #18,Miami,Level 2,8,0,0.073,0,4
EV00138,Volta - Miami #18,Miami,Level 2,8,0,0.096,0,5
EV00138,Volta - Miami #18,Miami,Level 2,8,0,0.11,0,6
EV00138,Volta - Miami #18,Miami,Level 2,0,0,0.269,56,7
EV00138,Volta - Miami #18,Miami,Level 2,6,2,0.273,0,8
EV00138,Volta - Miami #18,Miami,Level 2,4,4,0.504,0,9
EV00138,Volta - Miami #18,Miami,Level 2,3,5,0.656,0,10
EV00138,Volta - Miami #18,Miami,Level 2,4,4,0.5,0,11
EV00138,Volta - Miami #18,Miami,Level 2,4,4,0.517,0,12
EV00138,Volta - Miami #18,Miami,Level 2,4,4,0.609,0,13
EV00138,Volta - Miami #18,Miami,Level 2,5,3,0.495,0,14
EV00138,Volta - Miami #18,Miami,Level 2,2,2,0.671,0,15
EV00138,Volta - Miami #18,Miami,Level 2,4,4,0.569,0,16
EV00138,Volta - Miami #18,Miami,Level 2,3,5,0.642,0,17
EV00138,Volta - Miami #18,Miami,Level 2,4,4,0.625,0,18
EV00138,Volta - Miami #18,Miami,Level 2,6,2,0.37,0,19
EV00138,Volta - Miami #18,Miami,Level 2,6,2,0.304,0,20
EV00138,Volta - Miami #18,Miami,Level 2,6,2,0.358,0,21
EV00138,Volta - Miami #18,Miami,Level 2,7,1,0.243,0,22
EV00138,Volta - Miami #18,Miami,Level 2,7,1,0.237,0,23
EV00139,Tesla Supercharger - Miami #19,Miami,Tesla DC Fast,14,2,0.163,0,0
EV00139,Tesla Supercharger - Miami #19,Miami,Tesla DC Fast,16,0,0.058,0,1
EV00139,Tesla Supercharger - Miami #19,Miami,Tesla DC Fast,16,0,0.037,0,2
EV00139,Tesla Supercharger - Miami #19,Miami,Tesla DC Fast,16,0,0.026,0,3
EV00139,Tesla Supercharger - Miami #19,Miami,Tesla DC Fast,16,0,0.054,0,4
EV00139,Tesla Supercharger - Miami #19,Miami,Tesla DC Fast,0,0,0.072,15,5
EV00139,Tesla Supercharger - Miami #19,Miami,Tesla DC Fast,13,3,0.213,0,6
EV00139,Tesla Supercharger - Miami #19,Miami,Tesla DC Fast,9,7,0.466,0,7
EV00139,Tesla Supercharger - Miami #19,Miami,Tesla DC Fast,8,8,0.527,0,8
EV00139,Tesla Supercharger - Miami #19,Miami,Tesla DC Fast,7,9,0.607,0,9
EV00139,Tesla Supercharger - Miami #19,Miami,Tesla DC Fast,8,8,0.555,0,10
EV00139,Tesla Supercharger - Miami #19,Miami,Tesla DC Fast,7,9,0.572,0,11
EV00139,Tesla Supercharger - Miami #19,Miami,Tesla DC Fast,5,11,0.726,0,12
EV00139,Tesla Supercharger - Miami #19,Miami,Tesla DC Fast,5,11,0.728,0,13
EV00139,Tesla Supercharger - Miami #19,Miami,Tesla DC Fast,7,9,0.613,0,14
EV00139,Tesla Supercharger - Miami #19,Miami,Tesla DC Fast,7,9,0.578,0,15
EV00139,Tesla Supercharger - Miami #19,Miami,Tesla DC Fast,6,10,0.649,0,16
EV00139,Tesla Supercharger - Miami #19,Miami,Tesla DC Fast,2,8,0.809,0,17
EV00139,Tesla Supercharger - Miami #19,Miami,Tesla DC Fast,8,8,0.543,0,18
EV00139,Tesla Supercharger - Miami #19,Miami,Tesla DC Fast,9,7,0.453,0,19
EV00139,Tesla Supercharger - Miami #19,Miami,Tesla DC Fast,0,0,0.535,11,20
EV00139,Tesla Supercharger - Miami #19,Miami,Tesla DC Fast,11,5,0.314,0,21
EV00139,Tesla Supercharger - Miami #19,Miami,Tesla DC Fast,12,4,0.261,0,22
EV00139,Tesla Supercharger - Miami #19,Miami,Tesla DC Fast,14,2,0.15,0,23
EV00140,Tesla Supercharger - Boston #20,Boston,Tesla DC Fast,11,1,0.086,0,0
EV00140,Tesla Supercharger - Boston #20,Boston,Tesla DC Fast,12,0,0.045,0,1
EV00140,Tesla Supercharger - Boston #20,Boston,Tesla DC Fast,12,0,0.025,0,2
EV00140,Tesla Supercharger - Boston #20,Boston,Tesla DC Fast,12,0,0.027,0,3
EV00140,Tesla Supercharger - Boston #20,Boston,Tesla DC Fast,12,0,0.023,0,4
EV00140,Tesla Supercharger - Boston #20,Boston,Tesla DC Fast,12,0,0.051,0,5
EV00140,Tesla Supercharger - Boston #20,Boston,Tesla DC Fast,11,1,0.129,0,6
EV00140,Tesla Supercharger - Boston #20,Boston,Tesla DC Fast,9,3,0.287,0,7
EV00140,Tesla Supercharger - Boston #20,Boston,Tesla DC Fast,8,4,0.406,0,8
EV00140,Tesla Supercharger - Boston #20,Boston,Tesla DC Fast,6,6,0.527,0,9
EV00140,Tesla Supercharger - Boston #20,Boston,Tesla DC Fast,4,8,0.673,0,10
EV00140,Tesla Supercharger - Boston #20,Boston,Tesla DC Fast,1,2,0.773,0,11
EV00140,Tesla Supercharger - Boston #20,Boston,Tesla DC Fast,1,11,0.919,0,12
EV00140,Tesla Supercharger - Boston #20,Boston,Tesla DC Fast,1,11,0.955,0,13
EV00140,Tesla Supercharger - Boston #20,Boston,Tesla DC Fast,2,10,0.868,0,14
EV00140,Tesla Supercharger - Boston #20,Boston,Tesla DC Fast,6,6,0.552,0,15
EV00140,Tesla Supercharger - Boston #20,Boston,Tesla DC Fast,4,8,0.704,0,16
EV00140,Tesla Supercharger - Boston #20,Boston,Tesla DC Fast,2,1,0.661,0,17
EV00140,Tesla Supercharger - Boston #20,Boston,Tesla DC Fast,2,10,0.863,0,18
EV00140,Tesla Supercharger - Boston #20,Boston,Tesla DC Fast,2,10,0.837,0,19
EV00140,Tesla Supercharger - Boston #20,Boston,Tesla DC Fast,4,8,0.696,0,20
EV00140,Tesla Supercharger - Boston #20,Boston,Tesla DC Fast,1,1,0.547,0,21
EV00140,Tesla Supercharger - Boston #20,Boston,Tesla DC Fast,7,5,0.479,0,22
EV00140,Tesla Supercharger - Boston #20,Boston,Tesla DC Fast,10,2,0.175,0,23
EV00141,Shell Recharge - Chicago #1,Chicago,DC Fast Charge,6,0,0.146,0,0
EV00141,Shell Recharge - Chicago #1,Chicago,DC Fast Charge,1,0,0.115,0,1
EV00141,Shell Recharge - Chicago #1,Chicago,DC Fast Charge,6,0,0.08,0,2
EV00141,Shell Recharge - Chicago #1,Chicago,DC Fast Charge,3,0,0.085,0,3
EV00141,Shell Recharge - Chicago #1,Chicago,DC Fast Charge,6,0,0.058,0,4
EV00141,Shell Recharge - Chicago #1,Chicago,DC Fast Charge,6,0,0.103,0,5
EV00141,Shell Recharge - Chicago #1,Chicago,DC Fast Charge,6,0,0.126,0,6
EV00141,Shell Recharge - Chicago #1,Chicago,DC Fast Charge,0,0,0.204,17,7
EV00141,Shell Recharge - Chicago #1,Chicago,DC Fast Charge,4,2,0.448,0,8
EV00141,Shell Recharge - Chicago #1,Chicago,DC Fast Charge,0,0,0.552,10,9
EV00141,Shell Recharge - Chicago #1,Chicago,DC Fast Charge,2,1,0.537,0,10
EV00141,Shell Recharge - Chicago #1,Chicago,DC Fast Charge,4,2,0.434,0,11
EV00141,Shell Recharge - Chicago #1,Chicago,DC Fast Charge,3,3,0.57,0,12
EV00141,Shell Recharge - Chicago #1,Chicago,DC Fast Charge,3,3,0.615,0,13
EV00141,Shell Recharge - Chicago #1,Chicago,DC Fast Charge,3,3,0.592,0,14
EV00141,Shell Recharge - Chicago #1,Chicago,DC Fast Charge,4,2,0.442,0,15
EV00141,Shell Recharge - Chicago #1,Chicago,DC Fast Charge,3,3,0.509,0,16
EV00141,Shell Recharge - Chicago #1,Chicago,DC Fast Charge,3,3,0.604,0,17
EV00141,Shell Recharge - Chicago #1,Chicago,DC Fast Charge,4,2,0.486,0,18
EV00141,Shell Recharge - Chicago #1,Chicago,DC Fast Charge,4,2,0.445,0,19
EV00141,Shell Recharge - Chicago #1,Chicago,DC Fast Charge,4,2,0.49,0,20
EV00141,Shell Recharge - Chicago #1,Chicago,DC Fast Charge,4,2,0.422,0,21
EV00141,Shell Recharge - Chicago #1,Chicago,DC Fast Charge,5,1,0.248,0,22
EV00141,Shell Recharge - Chicago #1,Chicago,DC Fast Charge,5,1,0.185,0,23
EV00142,EVCS - Denver #2,Denver,DC Fast Charge,5,1,0.185,0,0
EV00142,EVCS - Denver #2,Denver,DC Fast Charge,6,0,0.131,0,1
EV00142,EVCS - Denver #2,Denver,DC Fast Charge,6,0,0.091,0,2
EV00142,EVCS - Denver #2,Denver,DC Fast Charge,6,0,0.066,0,3
EV00142,EVCS - Denver #2,Denver,DC Fast Charge,6,0,0.083,0,4
EV00142,EVCS - Denver #2,Denver,DC Fast Charge,6,0,0.083,0,5
EV00142,EVCS - Denver #2,Denver,DC Fast Charge,5,1,0.177,0,6
EV00142,EVCS - Denver #2,Denver,DC Fast Charge,5,1,0.317,0,7
EV00142,EVCS - Denver #2,Denver,DC Fast Charge,4,2,0.361,0,8
EV00142,EVCS - Denver #2,Denver,DC Fast Charge,3,3,0.519,0,9
EV00142,EVCS - Denver #2,Denver,DC Fast Charge,4,2,0.485,0,10
EV00142,EVCS - Denver #2,Denver,DC Fast Charge,3,3,0.629,0,11
EV00142,EVCS - Denver #2,Denver,DC Fast Charge,0,0,0.697,19,12
EV00142,EVCS - Denver #2,Denver,DC Fast Charge,2,4,0.732,0,13
EV00142,EVCS - Denver #2,Denver,DC Fast Charge,4,2,0.455,0,14
EV00142,EVCS - Denver #2,Denver,DC Fast Charge,2,4,0.713,0,15
EV00142,EVCS - Denver #2,Denver,DC Fast Charge,2,4,0.817,0,16
EV00142,EVCS - Denver #2,Denver,DC Fast Charge,0,0,0.858,9,17
EV00142,EVCS - Denver #2,Denver,DC Fast Charge,3,3,0.586,0,18
EV00142,EVCS - Denver #2,Denver,DC Fast Charge,4,2,0.463,0,19
EV00142,EVCS - Denver #2,Denver,DC Fast Charge,0,0,0.503,25,20
EV00142,EVCS - Denver #2,Denver,DC Fast Charge,4,2,0.496,0,21
EV00142,EVCS - Denver #2,Denver,DC Fast Charge,5,1,0.302,0,22
EV00142,EVCS - Denver #2,Denver,DC Fast Charge,5,1,0.251,0,23
EV00143,Blink - Los Angeles #3,Los Angeles,DC Fast Charge,6,0,0.113,0,0
EV00143,Blink - Los Angeles #3,Los Angeles,DC Fast Charge,6,0,0.067,0,1
EV00143,Blink - Los Angeles #3,Los Angeles,DC Fast Charge,6,0,0.036,0,2
EV00143,Blink - Los Angeles #3,Los Angeles,DC Fast Charge,6,0,0.028,0,3
EV00143,Blink - Los Angeles #3,Los Angeles,DC Fast Charge,6,0,0.023,0,4
EV00143,Blink - Los Angeles #3,Los Angeles,DC Fast Charge,6,0,0.078,0,5
EV00143,Blink - Los Angeles #3,Los Angeles,DC Fast Charge,5,1,0.182,0,6
EV00143,Blink - Los Angeles #3,Los Angeles,DC Fast Charge,4,2,0.373,0,7
EV00143,Blink - Los Angeles #3,Los Angeles,DC Fast Charge,4,2,0.392,0,8
EV00143,Blink - Los Angeles #3,Los Angeles,DC Fast Charge,2,4,0.688,0,9
EV00143,Blink - Los Angeles #3,Los Angeles,DC Fast Charge,1,5,0.849,0,10
EV00143,Blink - Los Angeles #3,Los Angeles,DC Fast Charge,0,0,0.98,16,11
EV00143,Blink - Los Angeles #3,Los Angeles,DC Fast Charge,0,0,0.98,21,12
EV00143,Blink - Los Angeles #3,Los Angeles,DC Fast Charge,1,5,0.931,0,13
EV00143,Blink - Los Angeles #3,Los Angeles,DC Fast Charge,1,5,0.964,0,14
EV00143,Blink - Los Angeles #3,Los Angeles,DC Fast Charge,1,5,0.967,0,15
EV00143,Blink - Los Angeles #3,Los Angeles,DC Fast Charge,3,3,0.665,0,16
EV00143,Blink - Los Angeles #3,Los Angeles,DC Fast Charge,1,5,0.98,0,17
EV00143,Blink - Los Angeles #3,Los Angeles,DC Fast Charge,1,5,0.98,0,18
EV00143,Blink - Los Angeles #3,Los Angeles,DC Fast Charge,1,5,0.98,0,19
EV00143,Blink - Los Angeles #3,Los Angeles,DC Fast Charge,1,5,0.864,0,20
EV00143,Blink - Los Angeles #3,Los Angeles,DC Fast Charge,3,3,0.649,0,21
EV00143,Blink - Los Angeles #3,Los Angeles,DC Fast Charge,4,2,0.356,0,22
EV00143,Blink - Los Angeles #3,Los Angeles,DC Fast Charge,5,1,0.277,0,23
EV00144,EVgo - San Francisco #4,San Francisco,DC Fast Charge,17,7,0.303,0,0
EV00144,EVgo - San Francisco #4,San Francisco,DC Fast Charge,12,1,0.112,0,1
EV00144,EVgo - San Francisco #4,San Francisco,DC Fast Charge,0,0,0.087,18,2
EV00144,EVgo - San Francisco #4,San Francisco,DC Fast Charge,23,1,0.076,0,3
EV00144,EVgo - San Francisco #4,San Francisco,DC Fast Charge,12,1,0.092,0,4
EV00144,EVgo - San Francisco #4,San Francisco,DC Fast Charge,0,0,0.163,20,5
EV00144,EVgo - San Francisco #4,San Francisco,DC Fast Charge,12,12,0.518,0,6
EV00144,EVgo - San Francisco #4,San Francisco,DC Fast Charge,8,16,0.671,0,7
EV00144,EVgo - San Francisco #4,San Francisco,DC Fast Charge,2,22,0.931,0,8
EV00144,EVgo - San Francisco #4,San Francisco,DC Fast Charge,8,16,0.673,0,9
EV00144,EVgo - San Francisco #4,San Francisco,DC Fast Charge,2,22,0.932,0,10
EV00144,EVgo - San Francisco #4,San Francisco,DC Fast Charge,1,23,0.98,0,11
EV00144,EVgo - San Francisco #4,San Francisco,DC Fast Charge,1,23,0.98,0,12
EV00144,EVgo - San Francisco #4,San Francisco,DC Fast Charge,1,23,0.98,0,13
EV00144,EVgo - San Francisco #4,San Francisco,DC Fast Charge,6,18,0.768,0,14
EV00144,EVgo - San Francisco #4,San Francisco,DC Fast Charge,3,21,0.883,0,15
EV00144,EVgo - San Francisco #4,San Francisco,DC Fast Charge,1,23,0.98,0,16
EV00144,EVgo - San Francisco #4,San Francisco,DC Fast Charge,1,23,0.98,0,17
EV00144,EVgo - San Francisco #4,San Francisco,DC Fast Charge,5,19,0.824,0,18
EV00144,EVgo - San Francisco #4,San Francisco,DC Fast Charge,1,23,0.975,0,19
EV00144,EVgo - San Francisco #4,San Francisco,DC Fast Charge,9,15,0.626,0,20
EV00144,EVgo - San Francisco #4,San Francisco,DC Fast Charge,9,15,0.658,0,21
EV00144,EVgo - San Francisco #4,San Francisco,DC Fast Charge,11,13,0.555,0,22
EV00144,EVgo - San Francisco #4,San Francisco,DC Fast Charge,19,5,0.232,0,23
EV00145,Tesla Supercharger - New York #5,New York,Tesla DC Fast,9,1,0.18,0,0
EV00145,Tesla Supercharger - New York #5,New York,Tesla DC Fast,9,1,0.133,0,1
EV00145,Tesla Supercharger - New York #5,New York,Tesla DC Fast,6,0,0.098,0,2
EV00145,Tesla Supercharger - New York #5,New York,Tesla DC Fast,0,0,0.072,23,3
EV00145,Tesla Supercharger - New York #5,New York,Tesla DC Fast,10,0,0.083,0,4
EV00145,Tesla Supercharger - New York #5,New York,Tesla DC Fast,9,1,0.118,0,5
EV00145,Tesla Supercharger - New York #5,New York,Tesla DC Fast,9,1,0.18,0,6
EV00145,Tesla Supercharger - New York #5,New York,Tesla DC Fast,8,2,0.228,0,7
EV00145,Tesla Supercharger - New York #5,New York,Tesla DC Fast,7,3,0.341,0,8
EV00145,Tesla Supercharger - New York #5,New York,Tesla DC Fast,1,0,0.389,0,9
EV00145,Tesla Supercharger - New York #5,New York,Tesla DC Fast,4,6,0.606,0,10
EV00145,Tesla Supercharger - New York #5,New York,Tesla DC Fast,5,5,0.545,0,11
EV00145,Tesla Supercharger - New York #5,New York,Tesla DC Fast,5,5,0.567,0,12
EV00145,Tesla Supercharger - New York #5,New York,Tesla DC Fast,6,4,0.499,0,13
EV00145,Tesla Supercharger - New York #5,New York,Tesla DC Fast,0,0,0.508,12,14
EV00145,Tesla Supercharger - New York #5,New York,Tesla DC Fast,6,4,0.414,0,15
EV00145,Tesla Supercharger - New York #5,New York,Tesla DC Fast,6,4,0.489,0,16
EV00145,Tesla Supercharger - New York #5,New York,Tesla DC Fast,3,7,0.706,0,17
EV00145,Tesla Supercharger - New York #5,New York,Tesla DC Fast,5,5,0.524,0,18
EV00145,Tesla Supercharger - New York #5,New York,Tesla DC Fast,5,5,0.587,0,19
EV00145,Tesla Supercharger - New York #5,New York,Tesla DC Fast,5,5,0.553,0,20
EV00145,Tesla Supercharger - New York #5,New York,Tesla DC Fast,7,3,0.308,0,21
EV00145,Tesla Supercharger - New York #5,New York,Tesla DC Fast,5,1,0.235,0,22
EV00145,Tesla Supercharger - New York #5,New York,Tesla DC Fast,8,2,0.238,0,23
EV00146,Electrify America - New York #6,New York,DC Fast Charge,3,1,0.311,0,0
EV00146,Electrify America - New York #6,New York,DC Fast Charge,0,0,0.275,25,1
EV00146,Electrify America - New York #6,New York,DC Fast Charge,0,0,0.29,25,2
EV00146,Electrify America - New York #6,New York,DC Fast Charge,2,0,0.169,0,3
EV00146,Electrify America - New York #6,New York,DC Fast Charge,4,0,0.214,0,4
EV00146,Electrify America - New York #6,New York,DC Fast Charge,2,0,0.165,0,5
EV00146,Electrify America - New York #6,New York,DC Fast Charge,4,0,0.1,0,6
EV00146,Electrify America - New York #6,New York,DC Fast Charge,4,0,0.088,0,7
EV00146,Electrify America - New York #6,New York,DC Fast Charge,4,0,0.051,0,8
EV00146,Electrify America - New York #6,New York,DC Fast Charge,4,0,0.039,0,9
EV00146,Electrify America - New York #6,New York,DC Fast Charge,4,0,0.062,0,10
EV00146,Electrify America - New York #6,New York,DC Fast Charge,4,0,0.115,0,11
EV00146,Electrify America - New York #6,New York,DC Fast Charge,4,0,0.121,0,12
EV00146,Electrify America - New York #6,New York,DC Fast Charge,4,0,0.11,0,13
EV00146,Electrify America - New York #6,New York,DC Fast Charge,4,0,0.078,0,14
EV00146,Electrify America - New York #6,New York,DC Fast Charge,0,0,0.121,18,15
EV00146,Electrify America - New York #6,New York,DC Fast Charge,4,0,0.198,0,16
EV00146,Electrify America - New York #6,New York,DC Fast Charge,3,1,0.372,0,17
EV00146,Electrify America - New York #6,New York,DC Fast Charge,2,2,0.505,0,18
EV00146,Electrify America - New York #6,New York,DC Fast Charge,2,2,0.525,0,19
EV00146,Electrify America - New York #6,New York,DC Fast Charge,2,2,0.708,0,20
EV00146,Electrify America - New York #6,New York,DC Fast Charge,1,3,0.84,0,21
EV00146,Electrify America - New York #6,New York,DC Fast Charge,2,2,0.657,0,22
EV00146,Electrify America - New York #6,New York,DC Fast Charge,3,1,0.477,0,23
EV00147,Blink - Miami #7,Miami,Level 2,7,1,0.212,0,0
EV00147,Blink - Miami #7,Miami,Level 2,8,0,0.103,0,1
EV00147,Blink - Miami #7,Miami,Level 2,8,0,0.068,0,2
EV00147,Blink - Miami #7,Miami,Level 2,8,0,0.082,0,3
EV00147,Blink - Miami #7,Miami,Level 2,0,0,0.082,54,4
EV00147,Blink - Miami #7,Miami,Level 2,8,0,0.086,0,5
EV00147,Blink - Miami #7,Miami,Level 2,7,1,0.17,0,6
EV00147,Blink - Miami #7,Miami,Level 2,6,2,0.298,0,7
EV00147,Blink - Miami #7,Miami,Level 2,6,2,0.302,0,8
EV00147,Blink - Miami #7,Miami,Level 2,4,4,0.558,0,9
EV00147,Blink - Miami #7,Miami,Level 2,5,3,0.484,0,10
EV00147,Blink - Miami #7,Miami,Level 2,4,4,0.623,0,11
EV00147,Blink - Miami #7,Miami,Level 2,5,3,0.454,0,12
EV00147,Blink - Miami #7,Miami,Level 2,2,0,0.393,0,13
EV00147,Blink - Miami #7,Miami,Level 2,5,3,0.437,0,14
EV00147,Blink - Miami #7,Miami,Level 2,5,3,0.47,0,15
EV00147,Blink - Miami #7,Miami,Level 2,2,0,0.437,0,16
EV00147,Blink - Miami #7,Miami,Level 2,4,4,0.595,0,17
EV00147,Blink - Miami #7,Miami,Level 2,3,5,0.7,0,18
EV00147,Blink - Miami #7,Miami,Level 2,4,4,0.558,0,19
EV00147,Blink - Miami #7,Miami,Level 2,5,3,0.392,0,20
EV00147,Blink - Miami #7,Miami,Level 2,5,3,0.382,0,21
EV00147,Blink - Miami #7,Miami,Level 2,7,1,0.242,0,22
EV00147,Blink - Miami #7,Miami,Level 2,7,1,0.226,0,23
EV00148,EVCS - Chicago #8,Chicago,DC Fast Charge,0,0,0.201,25,0
EV00148,EVCS - Chicago #8,Chicago,DC Fast Charge,2,0,0.112,0,1
EV00148,EVCS - Chicago #8,Chicago,DC Fast Charge,2,0,0.089,0,2
EV00148,EVCS - Chicago #8,Chicago,DC Fast Charge,2,0,0.083,0,3
EV00148,EVCS - Chicago #8,Chicago,DC Fast Charge,2,0,0.082,0,4
EV00148,EVCS - Chicago #8,Chicago,DC Fast Charge,2,0,0.082,0,5
EV00148,EVCS - Chicago #8,Chicago,DC Fast Charge,2,0,0.146,0,6
EV00148,EVCS - Chicago #8,Chicago,DC Fast Charge,2,0,0.252,0,7
EV00148,EVCS - Chicago #8,Chicago,DC Fast Charge,2,0,0.43,0,8
EV00148,EVCS - Chicago #8,Chicago,DC Fast Charge,2,0,0.382,0,9
EV00148,EVCS - Chicago #8,Chicago,DC Fast Charge,2,0,0.465,0,10
EV00148,EVCS - Chicago #8,Chicago,DC Fast Charge,2,0,0.478,0,11
EV00148,EVCS - Chicago #8,Chicago,DC Fast Charge,0,0,0.629,18,12
EV00148,EVCS - Chicago #8,Chicago,DC Fast Charge,1,1,0.5,0,13
EV00148,EVCS - Chicago #8,Chicago,DC Fast Charge,1,1,0.597,0,14
EV00148,EVCS - Chicago #8,Chicago,DC Fast Charge,1,1,0.602,0,15
EV00148,EVCS - Chicago #8,Chicago,DC Fast Charge,2,0,0.452,0,16
EV00148,EVCS - Chicago #8,Chicago,DC Fast Charge,1,1,0.567,0,17
EV00148,EVCS - Chicago #8,Chicago,DC Fast Charge,2,0,0.49,0,18
EV00148,EVCS - Chicago #8,Chicago,DC Fast Charge,1,1,0.54,0,19
EV00148,EVCS - Chicago #8,Chicago,DC Fast Charge,2,0,0.403,0,20
EV00148,EVCS - Chicago #8,Chicago,DC Fast Charge,2,0,0.396,0,21
EV00148,EVCS - Chicago #8,Chicago,DC Fast Charge,1,0,0.331,0,22
EV00148,EVCS - Chicago #8,Chicago,DC Fast Charge,2,0,0.227,0,23
EV00149,Shell Recharge - San Francisco #9,San Francisco,DC Fast Charge,1,0,0.172,0,0
EV00149,Shell Recharge - San Francisco #9,San Francisco,DC Fast Charge,4,0,0.078,0,1
EV00149,Shell Recharge - San Francisco #9,San Francisco,DC Fast Charge,4,0,0.052,0,2
EV00149,Shell Recharge - San Francisco #9,San Francisco,DC Fast Charge,4,0,0.041,0,3
EV00149,Shell Recharge - San Francisco #9,San Francisco,DC Fast Charge,4,0,0.027,0,4
EV00149,Shell Recharge - San Francisco #9,San Francisco,DC Fast Charge,4,0,0.099,0,5
EV00149,Shell Recharge - San Francisco #9,San Francisco,DC Fast Charge,4,0,0.172,0,6
EV00149,Shell Recharge - San Francisco #9,San Francisco,DC Fast Charge,3,1,0.296,0,7
EV00149,Shell Recharge - San Francisco #9,San Francisco,DC Fast Charge,2,2,0.745,0,8
EV00149,Shell Recharge - San Francisco #9,San Francisco,DC Fast Charge,1,3,0.822,0,9
EV00149,Shell Recharge - San Francisco #9,San Francisco,DC Fast Charge,1,3,0.779,0,10
EV00149,Shell Recharge - San Francisco #9,San Francisco,DC Fast Charge,1,3,0.98,0,11
EV00149,Shell Recharge - San Francisco #9,San Francisco,DC Fast Charge,1,3,0.98,0,12
EV00149,Shell Recharge - San Francisco #9,San Francisco,DC Fast Charge,1,3,0.98,0,13
EV00149,Shell Recharge - San Francisco #9,San Francisco,DC Fast Charge,1,3,0.884,0,14
EV00149,Shell Recharge - San Francisco #9,San Francisco,DC Fast Charge,0,0,0.861,11,15
EV00149,Shell Recharge - San Francisco #9,San Francisco,DC Fast Charge,1,3,0.849,0,16
EV00149,Shell Recharge - San Francisco #9,San Francisco,DC Fast Charge,1,3,0.98,0,17
EV00149,Shell Recharge - San Francisco #9,San Francisco,DC Fast Charge,1,3,0.98,0,18
EV00149,Shell Recharge - San Francisco #9,San Francisco,DC Fast Charge,1,3,0.98,0,19
EV00149,Shell Recharge - San Francisco #9,San Francisco,DC Fast Charge,1,3,0.98,0,20
EV00149,Shell Recharge - San Francisco #9,San Francisco,DC Fast Charge,1,3,0.752,0,21
EV00149,Shell Recharge - San Francisco #9,San Francisco,DC Fast Charge,2,2,0.637,0,22
EV00149,Shell Recharge - San Francisco #9,San Francisco,DC Fast Charge,3,1,0.279,0,23
EV00150,EVCS - Atlanta #10,Atlanta,DC Fast Charge,0,0,0.168,18,0
EV00150,EVCS - Atlanta #10,Atlanta,DC Fast Charge,2,0,0.137,0,1
EV00150,EVCS - Atlanta #10,Atlanta,DC Fast Charge,0,0,0.084,24,2
EV00150,EVCS - Atlanta #10,Atlanta,DC Fast Charge,2,0,0.075,0,3
EV00150,EVCS - Atlanta #10,Atlanta,DC Fast Charge,2,0,0.052,0,4
EV00150,EVCS - Atlanta #10,Atlanta,DC Fast Charge,2,0,0.087,0,5
EV00150,EVCS - Atlanta #10,Atlanta,DC Fast Charge,2,0,0.109,0,6
EV00150,EVCS - Atlanta #10,Atlanta,DC Fast Charge,2,0,0.181,0,7
EV00150,EVCS - Atlanta #10,Atlanta,DC Fast Charge,2,0,0.386,0,8
EV00150,EVCS - Atlanta #10,Atlanta,DC Fast Charge,2,0,0.433,0,9
EV00150,EVCS - Atlanta #10,Atlanta,DC Fast Charge,2,0,0.458,0,10
EV00150,EVCS - Atlanta #10,Atlanta,DC Fast Charge,2,0,0.406,0,11
EV00150,EVCS - Atlanta #10,Atlanta,DC Fast Charge,2,0,0.406,0,12
EV00150,EVCS - Atlanta #10,Atlanta,DC Fast Charge,2,0,0.471,0,13
EV00150,EVCS - Atlanta #10,Atlanta,DC Fast Charge,2,0,0.476,0,14
EV00150,EVCS - Atlanta #10,Atlanta,DC Fast Charge,2,0,0.387,0,15
EV00150,EVCS - Atlanta #10,Atlanta,DC Fast Charge,2,0,0.469,0,16
EV00150,EVCS - Atlanta #10,Atlanta,DC Fast Charge,2,0,0.449,0,17
EV00150,EVCS - Atlanta #10,Atlanta,DC Fast Charge,1,1,0.51,0,18
EV00150,EVCS - Atlanta #10,Atlanta,DC Fast Charge,1,1,0.556,0,19
EV00150,EVCS - Atlanta #10,Atlanta,DC Fast Charge,2,0,0.316,0,20
EV00150,EVCS - Atlanta #10,Atlanta,DC Fast Charge,2,0,0.313,0,21
EV00150,EVCS - Atlanta #10,Atlanta,DC Fast Charge,2,0,0.256,0,22
EV00150,EVCS - Atlanta #10,Atlanta,DC Fast Charge,2,0,0.16,0,23
